date,top_wallet_entered_polymarket,top_wallet_best_price_polymarket,top_wallet_bracket_type_polymarket,top_wallet_won_polymarket,our_bot_entered_kalshi,our_bot_best_price_kalshi,our_bot_gap_pp_kalshi,our_bot_won_kalshi,gumbel_prob_for_winner,actual_settlement_knyc,actual_settlement_klga,price_advantage_wallet,same_direction,timing_winner
2024-10-07,False,,,,True,0.9,11.36360041694232,True,,,,,,
2024-10-08,False,,,,True,0.61,30.173326029329473,True,,,,,,
2024-10-09,False,,,,True,0.53,23.250867787922857,True,,,,,,
2024-10-10,False,,,,True,0.47,29.563865469439243,True,,,,,,
2024-10-11,False,,,,True,0.5,26.674503584787267,True,,,,,,
2024-10-12,False,,,,True,0.52,28.468365940838215,True,,,,,,
2024-10-13,False,,,,True,0.2199999999999999,66.95458038776955,True,,,,,,
2024-10-14,False,,,,True,0.79,22.998681147684305,True,,,,,,
2024-10-15,False,,,,True,0.43,23.76855627165058,True,,,,,,
2024-10-16,False,,,,True,0.53,34.98666487759504,True,,,,,,
2024-10-17,False,,,,True,0.54,40.805551586983206,True,,,,,,
2024-10-18,False,,,,True,0.89,12.473741837451133,True,,,,,,
2024-10-20,False,,,,True,0.87,15.0,True,,,,,,
2024-10-23,False,,,,True,0.62,34.56643864491632,True,,,,,,
2024-10-24,False,,,,True,0.3,52.200979709446926,True,,,,,,
2024-10-26,False,,,,True,0.91,10.753154198408852,True,,,,,,
2024-10-27,False,,,,True,0.12,90.0,True,,,,,,
2024-10-28,False,,,,True,0.87,13.88217504108666,True,,,,,,
2024-10-29,False,,,,True,0.48,36.046681193915,True,,,,,,
2024-10-30,False,,,,True,0.2299999999999999,53.42074133406405,True,,,,,,
2024-10-31,False,,,,True,0.92,9.999690319762845,True,,,,,,
2024-11-02,False,,,,True,0.27,52.04952663992587,True,,,,,,
2024-11-03,False,,,,True,0.38,25.045386254348557,True,,,,,,
2024-11-04,False,,,,True,0.86,15.729801366551696,True,,,,,,
2024-11-05,False,,,,True,0.89,13.0,True,,,,,,
2024-11-06,False,,,,True,0.88,13.941800465415918,True,,,,,,
2024-11-07,False,,,,True,0.82,19.20818892687908,True,,,,,,
2024-11-09,False,,,,True,0.3,46.08542053305676,True,,,,,,
2024-11-10,False,,,,True,0.4,50.65219916115446,True,,,,,,
2024-11-11,False,,,,True,0.92,9.999999995825435,True,,,,,,
2024-11-13,False,,,,True,0.8,20.53846279375097,True,,,,,,
2024-11-14,False,,,,True,0.27,52.56085911541014,True,,,,,,
2024-11-15,False,,,,True,0.96,5.987607936530905,True,,,,,,
2024-11-16,False,,,,True,0.91,10.999999870933356,True,,,,,,
2024-11-19,False,,,,True,0.95,6.451044131813583,True,,,,,,
2024-11-20,False,,,,True,0.75,22.258310587725873,True,,,,,,
2024-11-22,False,,,,True,0.5900000000000001,34.74286415223568,True,,,,,,
2024-11-25,True,0.84,central,True,False,,,,1.4163559214352972e-11,54.0,56.5,,,
2024-11-26,False,,,,True,0.64,37.49503306219062,True,,,,,,
2024-11-27,False,,,,True,0.94,7.8481417736630465,True,,,,,,
2024-11-28,True,0.9,central,True,True,0.4,61.47273896495666,True,1.0702549957386509e-13,49.0,51.5,-0.5,,wallet_later
2024-11-29,True,0.9,central,True,True,0.5,20.793221028806062,True,2.3314683517128287e-15,47.0,49.5,-0.4,,wallet_earlier
2024-11-30,False,,,,True,0.42,34.53656211240499,True,,,,,,
2024-12-01,False,,,,True,0.55,40.61898856310915,True,,,,,,
2024-12-02,True,0.9299994667995948,central,True,True,0.46,32.79208889940943,True,0.0,39.0,41.5,-0.46999946679959476,,wallet_earlier
2024-12-04,False,,,,True,0.45,32.40293517294428,True,,,,,,
2024-12-05,False,,,,True,0.45,21.25376185341074,True,,,,,,
2024-12-06,False,,,,True,0.55,30.600099109956364,True,,,,,,
2024-12-09,False,,,,True,0.53,32.05204714350919,True,,,,,,
2024-12-10,False,,,,True,0.62,36.25956804388852,True,,,,,,
2024-12-11,False,,,,True,0.5,45.9245459730984,True,,,,,,
2024-12-13,False,,,,True,0.61,32.130176521503294,True,,,,,,
2024-12-14,False,,,,True,0.39,32.766228887371355,True,,,,,,
2024-12-15,False,,,,True,0.5800000000000001,36.95072548624503,True,,,,,,
2024-12-16,False,,,,True,0.3,40.49125909786672,True,,,,,,
2024-12-17,False,,,,True,0.25,42.9313372754082,False,,,,,,
2024-12-18,False,,,,True,0.4,33.64096185742408,False,,,,,,
2024-12-20,False,,,,True,0.54,37.46370790304477,True,,,,,,
2024-12-22,False,,,,True,0.56,41.92942978668335,True,,,,,,
2024-12-23,False,,,,True,0.35,24.886636087745977,True,,,,,,
2024-12-24,False,,,,True,0.34,42.414604988116984,True,,,,,,
2024-12-25,False,,,,True,0.53,25.608830305254827,True,,,,,,
2024-12-26,False,,,,True,0.87,14.988648944269276,True,,,,,,
2024-12-28,False,,,,True,0.64,33.81259296510453,True,,,,,,
2024-12-29,False,,,,True,0.69,31.843748871846163,True,,,,,,
2024-12-30,False,,,,True,0.65,31.764688680026133,True,,,,,,
2024-12-31,False,,,,True,0.5,31.52406558199538,True,,,,,,
2025-01-01,False,,,,True,0.6,28.699806896697076,True,,,,,,
2025-01-03,False,,,,True,0.26,50.17325936091268,True,,,,,,
2025-01-04,False,,,,True,0.42,53.87038294749589,True,,,,,,
2025-01-05,False,,,,True,0.93,8.012118847941432,True,,,,,,
2025-01-06,False,,,,True,0.51,45.28350577888166,True,,,,,,
2025-01-07,False,,,,True,0.48,23.336239709782227,True,,,,,,
2025-01-09,False,,,,True,0.53,41.52713599200629,True,,,,,,
2025-01-10,False,,,,True,0.25,40.37473831913112,True,,,,,,
2025-01-11,False,,,,True,0.25,53.10559913053529,True,,,,,,
2025-01-12,False,,,,True,0.31,45.37923530934636,True,,,,,,
2025-01-13,False,,,,True,0.42,46.55705300340283,True,,,,,,
2025-01-15,False,,,,True,0.5,43.262196303884615,True,,,,,,
2025-01-16,False,,,,True,0.4399999999999999,53.57184204413928,True,,,,,,
2025-01-17,False,,,,True,0.4,54.39224481838345,True,,,,,,
2025-01-18,False,,,,True,0.27,63.68032383366582,True,,,,,,
2025-01-19,False,,,,True,0.15,87.0,False,,,,,,
2025-01-20,False,,,,True,0.4599999999999999,54.0,False,,,,,,
2025-01-21,False,,,,True,0.52,48.0,True,,,,,,
2025-01-22,False,,,,True,0.52,48.0,True,,,,,,
2025-01-23,False,,,,True,0.5700000000000001,43.0,False,,,,,,
2025-01-24,False,,,,True,0.47,48.169054583616386,False,,,,,,
2025-01-25,False,,,,True,0.28,58.645178781713625,True,,,,,,
2025-01-26,False,,,,True,0.54,22.65441819413966,False,,,,,,
2025-01-27,True,0.19,central,False,True,0.5800000000000001,44.0,True,,40.0,42.5,0.39000000000000007,,wallet_later
2025-01-28,True,0.32,central,True,True,0.27,75.0,False,0.9925659601123092,42.0,44.5,-0.04999999999999999,,same_hour
2025-01-29,False,,,,True,0.29,73.0,True,,,,,,
2025-01-30,True,0.021,central,True,True,0.56,44.0,True,0.9960284836874833,38.0,40.5,0.539,,wallet_later
2025-01-31,True,0.17,central,True,True,0.24,78.0,False,0.027017682402759702,48.0,50.5,0.06999999999999998,,wallet_earlier
2025-02-01,True,0.7100000055521644,central,True,True,0.04,98.0,False,0.0,48.0,50.5,-0.6700000055521643,,wallet_later
2025-02-02,True,0.004,central,True,True,0.54,44.96318516182582,True,0.9999999999270268,31.0,33.5,0.536,,wallet_later
2025-02-03,True,0.001,central,True,True,0.7,25.885997261068173,True,0.9927299905133423,49.0,51.5,0.699,,wallet_later
2025-02-04,True,0.002,central,True,True,0.28,71.43302634268316,True,1.0,47.0,49.5,0.278,,wallet_earlier
2025-02-05,True,0.001,central,True,True,0.25,70.16905458361636,True,0.9972481425468642,36.0,38.5,0.249,,wallet_later
2025-02-06,True,0.001,central,True,True,0.27,40.11436279590029,True,0.9992018435061333,38.0,40.5,0.269,,wallet_later
2025-02-07,True,0.001,central,True,True,0.07,95.0,False,0.9974863426887111,43.0,45.5,0.069,,wallet_earlier
2025-02-08,True,0.001,central,True,True,0.5,32.59822373818126,True,0.972507282086926,35.0,37.5,0.499,,wallet_later
2025-02-09,True,0.0019,central,True,True,0.5700000000000001,42.72037967559906,True,0.9614135509508888,36.0,38.5,0.5681,,wallet_later
2025-02-10,True,0.001,central,False,True,0.48,28.50900622463599,True,,37.0,39.5,0.479,,wallet_later
2025-02-11,True,0.001,central,True,True,0.56,44.36855640827701,True,0.9993912706741104,35.0,37.5,0.559,,wallet_later
2025-02-12,True,0.001,central,True,True,0.25,44.308794522020776,True,0.9999998653887511,36.0,38.5,0.249,,wallet_later
2025-02-13,True,0.001,central,True,True,0.55,43.64689307140608,True,0.9255526523406367,46.0,48.5,0.549,,wallet_later
2025-02-14,True,0.003,central,True,False,,,,0.9170433379960229,36.0,38.5,,,
2025-02-15,True,0.001,central,True,True,0.63,32.10245639646948,True,0.994580959124778,35.0,37.5,0.629,,wallet_later
2025-02-16,True,0.001,central,True,True,0.74,27.646380967857485,True,0.3418710886177147,47.0,49.5,0.739,,wallet_later
2025-02-17,True,0.001,central,True,False,,,,0.0,36.0,38.5,,,
2025-02-18,True,0.001,central,True,False,,,,0.9100255414951871,27.0,29.5,,,
2025-02-19,True,0.001,central,False,False,,,,,30.0,32.5,,,
2025-02-20,True,0.001,central,False,True,0.95,6.3521179477939835,True,,29.0,31.5,0.949,,wallet_later
2025-02-21,True,0.001,central,True,True,0.5900000000000001,28.358223156646066,False,0.9999999956957834,35.0,37.5,0.5890000000000001,,wallet_later
2025-02-22,True,0.002128342245989305,central,True,True,0.91,10.954911704830012,True,0.999981073887574,40.0,42.5,0.9078716577540107,,wallet_later
2025-02-23,True,0.003,central,True,True,0.27,20.998577774704067,True,0.9395986424524141,46.0,48.5,0.267,,wallet_later
2025-02-24,True,0.001,central,True,True,0.6799999999999999,27.03793347068613,True,0.6879155165535696,49.0,51.5,0.6789999999999999,,wallet_later
2025-02-25,True,0.001,central,True,True,0.79,21.22584882576151,True,0.9775616665298039,57.0,59.5,0.789,,wallet_later
2025-02-26,True,0.001,central,True,False,,,,0.8581781556408633,56.0,58.5,,,
2025-02-27,True,0.002,central,True,True,0.49,49.19683527610007,True,0.9725401798889066,54.0,56.5,0.488,,wallet_later
2025-02-28,True,0.01,central,True,False,,,,0.9997455815766833,51.0,53.5,,,
2025-03-01,True,0.13,central,True,True,0.45,56.99895155906677,True,0.7371076037811646,64.0,66.5,0.32,,wallet_later
2025-03-02,True,0.002,central,True,False,,,,0.9256298929824737,33.0,35.5,,,
2025-03-03,True,0.002,central,True,False,,,,0.9669622296361536,39.0,41.5,,,
2025-03-04,True,0.001,central,True,True,0.26,46.12536385412579,True,0.46234499614826813,52.0,54.5,0.259,,wallet_later
2025-03-05,True,0.002,central,True,True,0.39,24.34885648708657,True,0.8889263244678723,54.0,56.5,0.388,,wallet_later
2025-03-06,True,0.001,central,True,True,0.35,22.086267517822645,False,0.6150405790129799,55.0,57.5,0.349,,wallet_later
2025-03-07,True,0.004,central,True,True,0.39,28.35912408406881,False,0.9544053576658448,50.0,52.5,0.386,,wallet_later
2025-03-08,True,0.01,central,False,True,0.55,40.73259783807611,True,,45.0,47.5,0.54,,wallet_earlier
2025-03-09,True,0.002,central,True,True,0.49,27.12626475345764,False,0.34320781819762763,53.0,55.5,0.488,,wallet_later
2025-03-10,True,0.001,central,True,True,0.25,25.603597572347734,True,0.22530288897023246,66.0,68.5,0.249,,wallet_later
2025-03-11,True,0.001,central,True,True,0.63,38.65013939891565,True,0.9092235009593481,65.0,67.5,0.629,,wallet_later
2025-03-12,True,0.002,central,True,True,0.17,67.508276054019,True,0.9303348674571621,55.0,57.5,0.168,,wallet_later
2025-03-13,True,0.001,central,True,True,0.91,10.999781021619985,True,0.9533050538017969,50.0,52.5,0.909,,wallet_later
2025-03-14,True,0.001,central,True,True,0.34,40.72577834995453,True,0.9061038046347006,57.0,59.5,0.339,,wallet_later
2025-03-15,True,0.001,central,True,False,,,,0.9849069197528866,49.0,51.5,,,
2025-03-16,True,0.002,central,True,True,0.7,24.93960148234639,True,0.0045266819632737345,61.0,63.5,0.698,,wallet_later
2025-03-17,True,0.005,upper_tail,True,True,0.25,49.01931859352121,False,0.9947298011517697,59.0,61.5,0.245,,wallet_earlier
2025-03-18,True,0.002,central,True,True,0.36,40.70441462159064,True,0.9783872631089685,61.0,63.5,0.358,,wallet_later
2025-03-19,True,0.01,central,True,True,0.45,31.207704920443863,True,0.9781290789221759,63.0,65.5,0.44,,wallet_later
2025-03-20,True,0.001,central,True,True,0.65,36.17012674796389,True,0.964317152451348,52.0,54.5,0.649,,wallet_later
2025-03-21,True,0.002,upper_tail,True,True,0.54,34.44305001819724,True,0.9999999674016616,51.0,53.5,0.538,,wallet_later
2025-03-22,True,0.001,central,True,True,0.8,21.998951559066775,True,0.9279678479103572,64.0,66.5,0.799,,wallet_earlier
2025-03-23,True,0.001,central,True,True,0.69,30.118502792713713,True,3.420497359076151e-81,48.0,50.5,0.689,,wallet_later
2025-03-24,True,0.002,central,True,True,0.32,67.97104101892428,True,0.9945795007778981,50.0,52.5,0.318,,wallet_later
2025-03-25,True,0.001,upper_tail,True,True,0.9,11.999954973344364,True,0.6953119213396092,58.0,60.5,0.899,,wallet_later
2025-03-26,True,0.15,central,True,True,0.64,30.491259097866717,False,0.6000938501627362,53.0,55.5,0.49,,wallet_later
2025-03-27,True,0.001,central,True,True,0.4,33.388054110180086,True,0.9707420006239058,53.0,55.5,0.399,,wallet_later
2025-03-28,True,0.001,upper_tail,True,True,0.34,42.716039716339345,True,0.9797664684386181,63.0,65.5,0.339,,wallet_later
2025-03-29,True,0.001,upper_tail,True,True,0.89,12.437731264318131,True,0.0020992441389899863,81.0,83.5,0.889,,wallet_later
2025-03-30,True,0.001,central,True,True,0.6000000000000001,40.123242755331326,True,6.516584577082173e-64,48.0,50.5,0.5990000000000001,,wallet_later
2025-03-31,True,0.005,central,True,True,0.88,13.998086312089288,True,4.800254826502828e-06,73.0,75.5,0.875,,wallet_later
2025-04-01,True,0.03,central,True,True,0.37,23.441757411989165,False,0.05603569755797506,58.0,60.5,0.33999999999999997,,wallet_earlier
2025-04-02,True,0.001,central,True,True,0.51,32.70877352907485,True,0.9091884761103083,49.0,51.5,0.509,,wallet_later
2025-04-03,True,0.001,central,True,True,0.4,28.41259741284221,True,0.3933934598018617,73.0,75.5,0.399,,wallet_later
2025-04-04,True,0.001,central,True,True,0.03,73.72374712580695,False,1.0,73.0,75.5,0.028999999999999998,,wallet_later
2025-04-05,True,0.001,central,False,True,0.06,88.62463685300828,True,,59.0,61.5,0.059,,wallet_earlier
2025-04-06,True,0.001,central,True,True,0.36,33.91080727713296,True,1.0,56.0,58.5,0.359,,wallet_later
2025-04-07,True,0.001,central,True,False,,,,0.4253233170858899,50.0,52.5,,,
2025-04-08,True,0.020364025695931477,central,True,True,0.69,24.299195081176485,True,0.9758287335522471,45.0,47.5,0.6696359743040685,,wallet_later
2025-04-09,True,0.001,central,True,True,0.27,47.477468776831536,True,0.9756898330572641,49.0,51.5,0.269,,wallet_later
2025-04-10,True,0.001,central,True,True,0.88,13.118502792713716,True,0.4850697521738976,51.0,53.5,0.879,,wallet_later
2025-04-11,True,0.01,central,False,True,0.55,42.08978075510528,True,,46.0,48.5,0.54,,wallet_earlier
2025-04-12,False,,,,True,0.46,30.479493138947785,False,,,,,,
2025-04-13,True,0.001,central,True,True,0.27,28.350689682668307,True,0.0,58.0,60.5,0.269,,wallet_later
2025-04-14,True,0.06,central,True,True,0.54,34.41263823322587,False,0.3314385790618374,66.0,68.5,0.48000000000000004,,wallet_later
2025-04-15,True,0.6,upper_tail,True,True,0.92,9.404947878681206,True,0.1954914951823401,69.0,71.5,0.32000000000000006,,wallet_later
2025-04-16,True,0.01597412160740585,central,True,True,0.25,31.815916614681093,True,0.9999999783860645,50.0,52.5,0.23402587839259414,,wallet_later
2025-04-17,True,0.01,central,True,True,0.26,27.12255346881307,True,0.9351937794595282,64.0,66.5,0.25,,wallet_later
2025-04-18,True,0.001,upper_tail,True,True,0.91,10.775602355444835,True,0.9999999999948029,68.0,70.5,0.909,,wallet_later
2025-04-19,True,0.02,central,True,True,0.73,28.852177328591548,True,0.9615714509270654,85.0,87.5,0.71,,wallet_later
2025-04-20,True,0.08,upper_tail,False,False,,,,,73.0,75.5,,,
2025-04-21,True,0.001,central,True,True,0.32,43.91909997959939,True,1.3672784847675756e-119,57.0,59.5,0.319,,wallet_later
2025-04-22,True,0.001,upper_tail,False,True,0.78,23.509906034826617,True,,82.0,84.5,0.779,,wallet_earlier
2025-04-23,True,0.05,upper_tail,False,True,0.85,16.13334484753108,True,,76.0,78.5,0.7999999999999999,,wallet_later
2025-04-24,True,0.001,central,True,True,0.39,23.589779364478012,True,0.2532178679464062,77.0,79.5,0.389,,wallet_later
2025-04-25,False,,,,True,0.7,26.209283797807387,True,,,,,,
2025-04-26,True,0.001,central,True,True,0.6599999999999999,29.134411988639048,True,0.9852604106969935,74.0,76.5,0.6589999999999999,,wallet_later
2025-04-27,True,0.001,central,True,True,0.27,44.6061108710628,True,0.5867259064511838,59.0,61.5,0.269,,wallet_later
2025-04-28,True,0.021,upper_tail,True,True,0.8,21.537274112428364,True,0.6313392021301664,76.0,78.5,0.779,,wallet_later
2025-04-29,True,0.001,central,True,True,0.25,47.12536385412614,True,0.12765296663135126,79.0,81.5,0.249,,wallet_later
2025-04-30,True,0.001,central,True,True,0.46,20.33306515865416,True,0.653012262145722,73.0,75.5,0.459,,wallet_earlier
2025-05-01,True,0.001,central,True,True,0.41,26.76860215186588,True,0.15293288233272473,71.0,73.5,0.409,,wallet_later
2025-05-02,True,0.001,central,True,True,0.94,7.99684312757932,True,0.13610474747588674,84.0,86.5,0.939,,wallet_later
2025-05-03,True,0.001,central,True,True,0.72,23.760548782942625,True,0.9999976697466326,85.0,87.5,0.719,,wallet_earlier
2025-05-04,True,0.001,central,True,True,0.47,32.563940071212286,True,0.934514114845082,69.0,71.5,0.469,,wallet_later
2025-05-05,True,0.001,central,True,True,0.42,34.25452221540965,True,0.9321514614509541,61.0,63.5,0.419,,wallet_later
2025-05-06,True,0.001,central,True,True,0.44,32.17325936091274,True,0.999955837621562,64.0,66.5,0.439,,wallet_later
2025-05-07,True,0.001,central,True,True,0.35,20.653564911740407,True,0.9113815706182944,74.0,76.5,0.349,,wallet_later
2025-05-08,True,0.001,central,True,True,0.73,20.827278254838028,True,0.7989639196895321,78.0,80.5,0.729,,wallet_later
2025-05-09,True,0.001,upper_tail,True,True,0.5,26.077346765977104,True,0.9999999858363557,60.0,62.5,0.499,,wallet_later
2025-05-10,True,0.002,upper_tail,True,True,0.82,19.99987209495481,True,0.9979985544837734,72.0,74.5,0.818,,wallet_later
2025-05-11,True,0.002,central,True,True,0.62,20.612976671902892,True,0.8004829480465944,77.0,79.5,0.618,,wallet_later
2025-05-12,True,0.001,central,False,True,0.6599999999999999,29.16616527480194,True,,72.0,74.5,0.6589999999999999,,wallet_earlier
2025-05-13,True,0.001,central,True,True,0.91,10.89036975947485,True,0.3689960935010613,69.0,71.5,0.909,,wallet_later
2025-05-14,True,0.001,lower_tail,True,False,,,,0.28319952393356823,62.0,64.5,,,
2025-05-15,True,0.001,lower_tail,True,True,0.71,22.35273563026981,True,0.18921273969694807,69.0,71.5,0.709,,wallet_later
2025-05-16,True,0.001,upper_tail,False,True,0.87,13.767844402394388,True,,72.0,74.5,0.869,,wallet_later
2025-05-17,True,0.001,central,True,True,0.56,21.8736859596742,True,0.4536797692997043,82.0,84.5,0.559,,wallet_later
2025-05-18,True,0.01,central,True,True,0.35,30.37473831913112,True,1.05485940455227e-15,73.0,75.5,0.33999999999999997,,wallet_later
2025-05-19,True,0.001,central,True,True,0.55,34.653872246165115,True,0.10572031825763983,69.0,71.5,0.549,,wallet_later
2025-05-20,True,0.001,central,True,True,0.49,27.44802520094769,True,0.34379778526831983,67.0,69.5,0.489,,wallet_later
2025-05-21,True,0.001,central,True,False,,,,0.43389086460023435,59.0,61.5,,,
2025-05-22,False,,,,True,0.32,31.729342858681814,True,,,,,,
2025-05-23,True,0.001,central,True,True,0.91,10.961475654445,True,0.4610408876891028,63.0,65.5,0.909,,wallet_later
2025-05-24,True,0.004,central,True,True,0.56,20.608720251240342,False,0.2978644952088374,64.0,66.5,0.556,,wallet_later
2025-05-25,True,0.001,lower_tail,True,True,0.69,25.59653971299301,True,0.4168211105585867,66.0,68.5,0.689,,wallet_later
2025-05-26,True,0.001,central,True,True,0.55,21.710264758773125,True,0.4123144537866473,73.0,75.5,0.549,,wallet_later
2025-05-27,True,0.001,central,True,True,0.46,30.261461025455645,False,0.29215624212785396,74.0,76.5,0.459,,wallet_later
2025-05-28,True,0.002,central,True,False,,,,0.03189260181315466,65.0,67.5,,,
2025-05-29,True,0.001,central,False,True,0.6799999999999999,31.414610129690075,True,,67.0,69.5,0.6789999999999999,,wallet_later
2025-05-30,True,0.001,central,True,True,0.35,41.307450943362,False,0.9832081198233477,75.0,77.5,0.349,,wallet_later
2025-05-31,True,0.0012376106194690265,central,True,True,0.38,51.47936628717478,True,0.9974103702745822,67.0,69.5,0.378762389380531,,wallet_later
2025-06-01,True,0.001,central,True,True,0.5,24.823950193320464,True,1.9665433697256693e-09,66.0,68.5,0.499,,wallet_later
2025-06-02,True,0.001,central,True,True,0.43,31.70381204446107,True,0.8392309600821949,71.0,73.5,0.429,,wallet_later
2025-06-03,True,0.0013321994737179898,central,True,True,0.77,24.997786746330153,True,0.9988399511883568,79.0,81.5,0.768667800526282,,wallet_earlier
2025-06-04,True,0.002,central,True,True,0.93,8.994911064121172,True,0.8498346668673619,83.0,85.5,0.928,,wallet_later
2025-06-05,True,0.01,central,True,True,0.86,15.99996979506785,False,0.00012126926106047596,87.0,89.5,0.85,,wallet_later
2025-06-06,True,0.004,central,False,True,0.93,8.999999999999964,True,,84.0,86.5,0.926,,wallet_earlier
2025-06-07,True,0.001008020918555593,central,True,True,0.28,29.53231361262727,False,0.21376329268763183,76.0,78.5,0.2789919790814444,,wallet_later
2025-06-08,True,0.008,upper_tail,False,True,0.48,27.568790283841672,True,,76.0,78.5,0.472,,wallet_later
2025-06-09,True,0.004,lower_tail,False,True,0.72,25.501564810005014,True,,64.0,66.5,0.716,,wallet_later
2025-06-10,True,0.001,central,True,True,0.31,34.6268751394528,True,0.7819201959440211,73.0,75.5,0.309,,wallet_later
2025-06-11,True,0.001,central,True,True,0.91,10.970573438961868,False,0.12882552456180948,81.0,83.5,0.909,,wallet_later
2025-06-12,True,0.001,central,False,True,0.72,29.822990024679193,True,,87.0,89.5,0.719,,wallet_later
2025-06-13,True,0.001,central,True,True,0.61,29.99999999999683,True,0.00369408056720338,78.0,80.5,0.609,,wallet_later
2025-06-14,True,0.001,lower_tail,False,True,0.08,81.03254034859914,False,,68.0,70.5,0.079,,wallet_later
2025-06-15,True,0.002,central,True,True,0.43,28.47259389539766,True,0.0024568839357863247,64.0,66.5,0.428,,wallet_later
2025-06-16,True,0.002,central,True,True,0.6799999999999999,31.999970774061534,True,0.8336489670645233,69.0,71.5,0.6779999999999999,,wallet_later
2025-06-17,True,0.001,central,True,True,0.7,27.993933140478266,True,0.7815826264465475,67.0,69.5,0.699,,wallet_later
2025-06-18,True,0.001,central,True,True,0.78,24.0,True,0.9918546484921639,84.0,86.5,0.779,,wallet_later
2025-06-19,True,0.02625,central,True,True,0.7,28.784223482778497,True,7.251651229627808e-10,88.0,90.5,0.67375,,wallet_earlier
2025-06-20,True,0.001,central,False,True,0.42,28.783443790807855,True,,82.0,84.5,0.419,,wallet_later
2025-06-21,True,0.001,central,False,True,0.84,17.99952854800085,True,,86.0,88.5,0.839,,wallet_earlier
2025-06-22,True,0.001,lower_tail,True,True,0.36,63.404947878681206,True,0.9999770808706344,88.0,90.5,0.359,,wallet_later
2025-06-23,True,0.001,upper_tail,True,True,0.62,39.527216140466514,True,0.9989267784779697,96.0,98.5,0.619,,wallet_later
2025-06-24,True,0.001,central,True,True,0.6799999999999999,33.620929637059625,False,0.7764388245027567,99.0,101.5,0.6789999999999999,,wallet_later
2025-06-25,True,0.001,central,True,True,0.69,32.99999936711937,True,1.0,96.0,98.5,0.689,,wallet_later
2025-06-26,True,0.001,central,True,True,0.2,81.99939739017763,True,2.0233627198442136e-268,85.0,87.5,0.199,,wallet_earlier
2025-06-27,True,0.05,upper_tail,True,True,0.65,30.902128546882977,True,0.8164743263576274,72.0,74.5,0.6,,wallet_later
2025-06-28,True,0.45,central,True,True,0.65,34.90978345392738,True,0.24773315860972933,83.0,85.5,0.2,,wallet_later
2025-06-29,True,0.001,central,True,True,0.82,19.999999999999996,True,0.36662775118600044,89.0,91.5,0.819,,wallet_later
2025-06-30,False,,,,True,0.67,34.9999999999999,True,,,,,,
2025-07-01,True,0.001,upper_tail,False,True,0.7,29.999397390177627,True,,89.0,91.5,0.699,,wallet_later
2025-07-02,True,0.1,lower_tail,True,True,0.42,34.302659943251875,True,4.876913635004786e-18,84.0,86.5,0.31999999999999995,,wallet_earlier
2025-07-03,True,0.01,upper_tail,False,True,0.44,29.746154320613343,False,,88.0,90.5,0.43,,wallet_earlier
2025-07-04,True,0.01,central,True,True,0.92,9.98968758611274,True,2.121880842543143e-05,83.0,85.5,0.91,,wallet_later
2025-07-05,True,0.015,central,False,True,0.42,56.914951571764384,True,,84.0,86.5,0.40499999999999997,,wallet_later
2025-07-06,True,0.5100000017966667,central,True,True,0.78,23.968921856134113,False,0.8945222766747056,87.0,89.5,0.2699999982033333,,wallet_later
2025-07-07,True,0.001,central,True,True,0.72,29.99991965666341,True,0.7794954365471931,87.0,89.5,0.719,,wallet_later
2025-07-08,True,0.01,upper_tail,True,True,0.75,27.0,True,0.9999684687707904,93.0,95.5,0.74,,wallet_later
2025-07-09,True,0.0028104308390022674,central,True,True,0.4599999999999999,26.76237243011838,True,0.6219358805277794,90.0,92.5,0.4571895691609976,,wallet_later
2025-07-10,True,0.002,central,True,True,0.31,28.325984253046823,True,0.9696531180090059,84.0,86.5,0.308,,wallet_earlier
2025-07-11,True,0.26,central,True,True,0.32,40.49888997947688,True,0.997112173188118,84.0,86.5,0.06,,wallet_later
2025-07-12,True,0.02,central,True,True,0.41,28.950297671395653,True,0.22580134209461802,83.0,85.5,0.38999999999999996,,wallet_later
2025-07-13,True,0.001,upper_tail,True,True,0.62,24.122341497267307,True,0.5939037411062634,83.0,85.5,0.619,,wallet_later
2025-07-14,True,0.02,upper_tail,True,False,,,,0.937347806491958,85.0,87.5,,,
2025-07-15,True,0.001,central,True,True,0.5,26.660694223196735,True,0.9958306934593602,86.0,88.5,0.499,,wallet_later
2025-07-16,True,0.001,central,True,True,0.54,23.8633881351342,True,0.9951241689310978,87.0,89.5,0.539,,wallet_later
2025-07-17,True,0.001,central,True,True,0.49,23.125363854125435,True,0.9582236997691074,90.0,92.5,0.489,,wallet_later
2025-07-18,True,0.001,central,False,True,0.85,16.959386997220083,False,,82.0,84.5,0.849,,wallet_later
2025-07-19,True,0.001,central,True,True,0.96,5.094544945629647,True,0.8580187127732061,81.0,83.5,0.959,,wallet_later
2025-07-20,True,0.002,central,True,True,0.96,5.998867637563436,True,0.4800416398576667,88.0,90.5,0.958,,wallet_later
2025-07-21,True,0.002,central,True,True,0.65,36.99999994453123,True,0.998856874906978,85.0,87.5,0.648,,wallet_later
2025-07-22,True,0.001,central,True,True,0.43,21.723514626196643,True,0.9988380727920911,81.0,83.5,0.429,,wallet_later
2025-07-23,True,0.001,central,True,True,0.75,22.347749928818743,True,0.0023570460582431232,80.0,82.5,0.749,,wallet_later
2025-07-24,True,0.002,central,True,True,0.69,24.886636087746023,True,0.9999999147374863,87.0,89.5,0.688,,wallet_later
2025-07-25,True,0.001,central,True,True,0.91,10.996373338390269,True,0.9980327849165106,95.0,97.5,0.909,,wallet_later
2025-07-26,True,0.001,central,True,False,,,,8.244749202002439e-13,85.0,87.5,,,
2025-07-27,True,0.001,upper_tail,True,True,0.86,15.9999988170787,True,0.812187421836561,84.0,86.5,0.859,,wallet_later
2025-07-28,True,0.004,upper_tail,True,False,,,,0.00028861685955305916,94.0,96.5,,,
2025-07-29,True,0.25,upper_tail,True,True,0.67,34.99997777037014,True,0.03908464060790662,97.0,99.5,0.42000000000000004,,wallet_later
2025-07-30,True,0.03,central,True,True,0.88,13.996843127579323,True,0.8681302069803174,95.0,97.5,0.85,,wallet_later
2025-07-31,True,0.011,central,False,True,0.39,34.08031090203193,True,,89.0,91.5,0.379,,wallet_later
2025-08-01,True,0.002,central,True,True,0.5700000000000001,40.34775152047169,True,0.883541314771877,73.0,75.5,0.5680000000000001,,wallet_later
2025-08-03,True,0.16,central,True,True,0.9,11.011324085072967,True,0.0015079052659116821,84.0,86.5,0.74,,wallet_later
2025-08-04,True,0.03,upper_tail,True,True,0.8,21.99822184166183,True,9.325398005418604e-14,89.0,91.5,0.77,,wallet_earlier
2025-08-05,True,0.001,central,True,False,,,,0.0011678299760931581,86.0,88.5,,,
2025-08-06,True,0.001,central,True,True,0.34,40.73988089684229,True,4.446526595527271e-05,79.0,81.5,0.339,,wallet_later
2025-08-07,True,0.001,central,True,False,,,,0.003462999564069774,81.0,83.5,,,
2025-08-08,True,0.00839,central,False,False,,,,,82.0,84.5,,,
2025-08-09,True,0.001,central,True,False,,,,0.9997054046399367,85.0,87.5,,,
2025-08-10,True,0.001,central,True,False,,,,0.7237062786873422,90.0,92.5,,,
2025-08-11,True,0.011,upper_tail,True,True,0.54,32.51040063069831,True,0.8841302560333754,89.0,91.5,0.529,,wallet_later
2025-08-12,True,0.001,central,True,False,,,,0.9833178265215021,91.0,93.5,,,
2025-08-13,True,0.001,central,True,True,0.47,29.538535900583597,True,0.9428887007150693,89.0,91.5,0.469,,wallet_later
2025-08-14,True,0.0011686113789778207,central,False,False,,,,,89.0,91.5,,,
2025-08-15,True,0.011,upper_tail,False,True,0.73,26.815294473571992,True,,89.0,91.5,0.719,,wallet_later
2025-08-16,True,0.011,upper_tail,False,True,0.31,45.71026475877313,True,,84.0,86.5,0.299,,wallet_earlier
2025-08-17,True,0.006,central,False,True,0.6599999999999999,26.134457622927048,True,,91.0,93.5,0.6539999999999999,,wallet_earlier
2025-08-18,True,0.05,central,False,False,,,,,75.0,77.5,,,
2025-08-19,True,0.001,central,True,True,0.63,20.53187322209471,True,0.33064863474858697,77.0,79.5,0.629,,wallet_later
2025-08-20,True,0.011,lower_tail,True,True,0.42,32.05158993684482,True,0.9996118843252286,70.0,72.5,0.409,,wallet_later
2025-08-21,True,0.005,lower_tail,True,True,0.37,29.203906917359156,True,0.9976803133409052,72.0,74.5,0.365,,wallet_earlier
2025-08-22,True,0.002,central,False,True,0.89,12.886194838128011,True,,83.0,85.5,0.888,,wallet_later
2025-08-23,True,0.02,central,False,True,0.72,23.53085319693917,True,,82.0,84.5,0.7,,wallet_later
2025-08-24,True,0.999,central,True,True,0.4399999999999999,50.87300075777307,True,6.699587433454992e-08,80.0,82.5,-0.5590000000000002,,wallet_later
2025-08-25,True,0.001,upper_tail,True,True,0.43,33.185452695942004,True,5.372264653478103e-101,86.0,88.5,0.429,,wallet_later
2025-08-26,True,0.001,upper_tail,False,True,0.71,21.083771821826264,True,,79.0,81.5,0.709,,wallet_earlier
2025-08-27,True,0.002,central,True,True,0.6,32.284672528496905,True,0.3308461039301791,75.0,77.5,0.598,,wallet_later
2025-08-28,True,0.01,central,True,False,,,,0.7343662528375611,78.0,80.5,,,
2025-08-30,True,0.01,central,False,True,0.95,5.324781108593928,True,,76.0,78.5,0.94,,wallet_later
2025-08-31,True,0.001,central,True,False,,,,0.9962007944868279,79.0,81.5,,,
2025-09-02,True,0.002,central,False,False,,,,,79.0,81.5,,,
2025-09-03,True,0.002,upper_tail,True,False,,,,0.31826150372675344,79.0,81.5,,,
2025-09-04,True,0.998,central,True,False,,,,0.02551511522801735,77.0,79.5,,,
2025-09-05,True,0.001,central,False,False,,,,,82.0,84.5,,,
2025-09-06,False,,,,True,0.5,31.42995169812449,True,,,,,,
2025-09-07,True,0.01,central,False,True,0.74,22.86993207361042,True,,69.0,71.5,0.73,,wallet_later
2025-09-08,True,0.002,lower_tail,False,False,,,,,73.0,75.5,,,
2025-09-09,True,0.02,lower_tail,False,True,0.6,28.19286801356371,True,,73.0,75.5,0.58,,wallet_earlier
2025-09-10,True,0.002,central,False,True,0.25,30.99944442529104,True,,73.0,75.5,0.248,,wallet_later
2025-09-11,True,0.002,upper_tail,False,True,0.29,40.49375438511672,True,,79.0,81.5,0.288,,wallet_earlier
2025-09-12,True,0.001,central,False,True,0.95,6.7990571083271485,True,,78.0,80.5,0.949,,wallet_later
2025-09-13,False,,,,True,0.69,24.389714997614035,True,,,,,,
2025-09-14,True,0.002,central,False,False,,,,,81.0,83.5,,,
2025-09-15,False,,,,True,0.91,10.935697701432815,True,,,,,,
2025-09-16,True,0.05100000058838022,lower_tail,False,True,0.31,45.5385359005836,True,,74.0,76.5,0.2589999994116198,,wallet_later
2025-09-17,True,0.004,central,True,True,0.84,17.844475744422713,True,0.9944794094854298,70.0,72.5,0.836,,wallet_later
2025-09-18,True,0.001,central,False,False,,,,,83.0,85.5,,,
2025-09-19,True,0.011,central,True,True,0.51,33.59676437588076,False,0.943595061396107,84.0,86.5,0.499,,wallet_earlier
2025-09-20,True,0.012,central,False,True,0.4399999999999999,33.332618327644795,True,,73.0,75.5,0.4279999999999999,,wallet_later
2025-09-22,True,0.001,central,True,True,0.42,54.69988508636596,True,0.9601799308812132,73.0,75.5,0.419,,wallet_later
2025-09-23,True,0.012,upper_tail,True,False,,,,0.033447826905764644,83.0,85.5,,,
2025-09-24,True,0.01,central,True,False,,,,0.9881621941369421,80.0,82.5,,,
2025-09-25,True,0.001,central,True,True,0.6799999999999999,31.12847997673578,True,0.9785567552365937,77.0,79.5,0.6789999999999999,,wallet_later
2025-09-26,True,0.001,central,True,True,0.3,20.83531415805612,False,0.9870895067685005,82.0,84.5,0.299,,wallet_later
2025-09-27,True,0.011,central,True,True,0.42,40.297045191034734,True,0.999597977971996,79.0,81.5,0.409,,wallet_earlier
2025-09-28,True,0.01,upper_tail,True,False,,,,0.8717081382498637,83.0,85.5,,,
2025-09-29,True,0.001,central,True,True,0.38,57.16616527480194,True,0.7793120005159705,78.0,80.5,0.379,,wallet_later
2025-09-30,True,0.002,central,True,True,0.49,21.98396836652392,False,0.9656168733117882,81.0,83.5,0.488,,wallet_later
2025-10-01,False,,,,True,0.31,31.007842589161,False,,,,,,
2025-10-02,True,0.001,central,False,True,0.56,41.400031145491575,True,,66.0,68.5,0.559,,wallet_later
2025-10-03,True,0.001,central,False,True,0.4399999999999999,27.141665309116192,True,,71.0,73.5,0.4389999999999999,,wallet_later
2025-10-04,True,0.001,central,True,False,,,,0.9882853775067052,82.0,84.5,,,
2025-10-05,True,0.003,central,True,True,0.94,7.686851434372198,True,0.9027831255117194,84.0,86.5,0.9369999999999999,,wallet_later
2025-10-06,True,0.0041097153244392505,central,True,True,0.6699999999999999,27.271608283465127,True,0.9392025265784781,80.0,82.5,0.6658902846755607,,wallet_later
2025-10-07,True,0.012,central,True,True,0.6799999999999999,26.19653170473441,True,0.9989708520290883,80.0,82.5,0.6679999999999999,,wallet_later
2025-10-08,True,0.01,central,True,False,,,,0.8554632462567173,72.0,74.5,,,
2025-10-09,True,0.002,upper_tail,False,True,0.3,46.714153339100235,True,,59.0,61.5,0.298,,wallet_earlier
2025-10-10,True,0.38,central,True,True,0.36,33.037704439139816,False,0.8815329666402023,62.0,64.5,-0.020000000000000018,,wallet_later
2025-10-11,True,0.9985,lower_tail,True,True,0.39,43.19060437240137,True,1.5508341122836786e-19,64.0,66.5,-0.6085,,wallet_later
2025-10-12,True,0.03,central,True,True,0.14,76.3398031765933,True,0.9999992948861083,63.0,65.5,0.11000000000000001,,wallet_earlier
2025-10-13,True,0.01,central,True,False,,,,0.9997619823128366,58.0,60.5,,,
2025-10-14,True,0.02,central,True,True,0.31,45.47949313894775,True,0.9999835180579513,61.0,63.5,0.29,,wallet_later
2025-10-15,True,0.001,central,True,True,0.4,32.85840227501495,True,0.8655062519738937,68.0,70.5,0.399,,wallet_later
2025-10-16,True,0.002,central,True,True,0.82,19.988339203859187,True,0.9961599420427275,61.0,63.5,0.818,,wallet_later
2025-10-17,True,0.005,central,True,True,0.94,7.998867637563436,True,0.019737120334109237,63.0,65.5,0.9349999999999999,,wallet_later
2025-10-18,True,0.002,central,True,True,0.44,30.05158993684452,True,0.9537640886190328,65.0,67.5,0.438,,wallet_later
2025-10-19,True,0.001,central,True,True,0.95,6.646380967857485,True,0.999622367012047,70.0,72.5,0.949,,wallet_later
2025-10-20,True,0.001,central,True,True,0.03,72.28392776852601,False,0.9999936360774561,68.0,70.5,0.028999999999999998,,wallet_later
2025-10-21,True,0.001,central,True,True,0.43,21.360887934682214,True,0.9992139138672114,66.0,68.5,0.429,,wallet_later
2025-10-22,True,0.001,central,True,True,0.4599999999999999,28.739082263047735,True,0.9926622517368531,62.0,64.5,0.4589999999999999,,wallet_later
2025-10-23,True,0.09222222222222222,central,True,True,0.34,25.808526259314583,False,0.9992345221806687,60.0,62.5,0.24777777777777782,,wallet_later
2025-10-24,True,0.002,central,True,False,,,,0.7520067257703641,59.0,61.5,,,
2025-10-25,True,0.001,central,False,True,0.48,24.712975803761417,True,,58.0,60.5,0.479,,wallet_later
2025-10-26,True,0.005,upper_tail,True,True,0.9,11.999999709566646,True,0.7613468107640633,59.0,61.5,0.895,,wallet_later
2025-10-27,True,0.001,central,True,True,0.29,40.64328246108229,True,0.9739914716920449,55.0,57.5,0.289,,wallet_later
2025-10-28,True,0.002,central,True,True,0.6699999999999999,27.00466917471011,True,0.9405624887753778,54.0,56.5,0.6679999999999999,,wallet_later
2025-10-29,True,0.003,central,True,True,0.52,22.246658725308144,False,0.9993720080708677,56.0,58.5,0.517,,wallet_later
2025-10-30,True,0.004,upper_tail,True,False,,,,0.9313785757480664,63.0,65.5,,,
2025-10-31,True,0.002,central,True,True,0.75,23.458992686316503,True,0.6865593279898936,58.0,60.5,0.748,,wallet_earlier
2025-11-01,True,0.002,central,True,False,,,,0.9206825333821207,58.0,60.5,,,
2025-11-02,True,0.021000000027644964,central,True,True,0.37,27.653222016315805,False,0.9968606374819925,59.0,61.5,0.34899999997235504,,wallet_later
2025-11-03,True,0.004,central,True,True,0.4599999999999999,37.759298389810425,True,0.9985489897119324,59.0,61.5,0.4559999999999999,,wallet_later
2025-11-04,True,0.01,central,False,True,0.55,21.661438071254913,True,,59.0,61.5,0.54,,wallet_later
2025-11-05,True,0.004,upper_tail,True,False,,,,0.9884274817757909,66.0,68.5,,,
2025-11-06,True,0.001,central,True,True,0.82,19.87538504142546,True,0.00037803034702752923,57.0,59.5,0.819,,wallet_earlier
2025-11-07,True,0.001,central,False,True,0.33,27.01256683399023,False,,61.0,63.5,0.329,,wallet_later
2025-11-08,True,0.001,central,True,False,,,,0.8345674750414459,65.0,67.5,,,
2025-11-09,True,0.003,upper_tail,True,True,0.43,50.846797383713714,True,0.9913528670360783,63.0,65.5,0.427,,wallet_later
2025-11-10,True,0.003,central,False,True,0.03,88.18658891204761,False,,59.0,61.5,0.027,,wallet_later
2025-11-11,True,0.001,central,True,True,0.26,54.64149715234436,True,0.9999950776550836,41.0,43.5,0.259,,wallet_later
2025-11-12,True,0.001,central,True,True,0.72,23.6189885631092,True,0.9989270678511369,50.0,52.5,0.719,,wallet_later
2025-11-13,True,0.001,central,True,True,0.6,34.27160828346503,True,0.9259573088458275,51.0,53.5,0.599,,wallet_later
2025-11-14,True,0.002,central,True,True,0.49,29.483924091828474,True,0.907325603927565,51.0,53.5,0.488,,wallet_later
2025-11-15,True,0.001,central,True,True,0.5,43.26219630388464,True,0.999429043882108,50.0,52.5,0.499,,wallet_later
2025-11-16,True,0.001,central,True,False,,,,0.8611592166380432,56.0,58.5,,,
2025-11-17,True,0.001,central,True,True,0.5,27.79208889940931,True,0.8109530471447255,44.0,46.5,0.499,,wallet_later
2025-11-18,True,0.001,central,True,True,0.27,48.86253704164146,True,0.814747519746191,45.0,47.5,0.269,,wallet_later
2025-11-19,True,0.001,central,True,False,,,,0.9153885964636577,47.0,49.5,,,
2025-11-20,True,0.001,central,False,True,0.4499999999999999,32.332618327644965,True,,47.0,49.5,0.4489999999999999,,wallet_later
2025-11-21,True,0.001,central,True,True,0.74,22.655977606369447,True,0.4895592373725264,52.0,54.5,0.739,,wallet_later
2025-11-22,True,0.001,lower_tail,True,True,0.7,26.65597760636941,True,3.6230669444221335e-191,52.0,54.5,0.699,,wallet_earlier
2025-11-23,True,0.001,central,True,True,0.54,35.90770462106887,True,0.9996320210599344,49.0,51.5,0.539,,wallet_later
2025-11-24,True,0.001,central,True,False,,,,0.9972347638863283,52.0,54.5,,,
2025-11-25,True,0.001,central,True,True,0.34,42.2614610254557,True,0.9564214695487435,58.0,60.5,0.339,,wallet_later
2025-11-26,True,0.001,central,True,True,0.43,45.118764017716096,True,1.3808723180202783e-205,59.0,61.5,0.429,,wallet_earlier
2025-11-27,True,0.01,central,False,True,0.95,6.999959209512256,True,,49.0,51.5,0.94,,wallet_earlier
2025-11-28,True,0.002,central,False,True,0.47,29.40303587778995,True,,43.0,45.5,0.46799999999999997,,wallet_later
2025-11-29,True,0.002,central,False,True,0.48,31.94354300919696,True,,42.0,44.5,0.478,,wallet_earlier
2025-11-30,True,0.002,central,True,True,0.48,50.80038635711529,True,0.9764614123160666,47.0,49.5,0.478,,wallet_later
2025-12-01,True,0.001,central,True,False,,,,0.8707556569239737,43.0,45.5,,,
2025-12-02,True,0.001,central,True,True,0.38,60.33555979379024,True,0.992804847712336,40.0,42.5,0.379,,wallet_later
2025-12-03,True,0.001,central,True,True,0.6599999999999999,26.62463685300836,False,0.9980141382590849,41.0,43.5,0.6589999999999999,,wallet_later
2025-12-04,True,0.001,central,True,False,,,,0.9789985965572763,41.0,43.5,,,
2025-12-05,True,0.005,central,True,True,0.26,50.53853590058351,True,0.7773384409121776,32.0,34.5,0.255,,wallet_earlier
2025-12-06,True,0.001,central,True,True,0.42,34.22428639393439,True,0.6745472334949807,42.0,44.5,0.419,,wallet_later
2025-12-07,True,0.001,upper_tail,True,True,0.6799999999999999,27.788321349855956,True,1.0,43.0,45.5,0.6789999999999999,,wallet_later
2025-12-08,True,0.002,central,False,True,0.2099999999999999,77.23418399401864,True,,38.0,40.5,0.2079999999999999,,wallet_earlier
2025-12-09,True,0.002,upper_tail,True,True,0.69,30.643994923231915,True,0.9994873712998007,35.0,37.5,0.688,,wallet_later
2025-12-10,True,0.001,central,True,True,0.5,25.91909997959939,True,0.9361922015656736,47.0,49.5,0.499,,wallet_later
2025-12-11,True,0.002,central,False,False,,,,,41.0,43.5,,,
2025-12-12,True,0.001,central,True,True,0.41,29.35318648512906,True,0.9993483682013886,35.0,37.5,0.409,,wallet_later
2025-12-13,True,0.001,central,True,True,0.53,23.41460498811694,True,0.9951789777318715,41.0,43.5,0.529,,wallet_later
2025-12-14,True,0.001,central,False,True,0.06,86.03558669172703,False,,33.0,35.5,0.059,,wallet_earlier
2025-12-15,True,0.001,central,True,True,0.6799999999999999,28.28350577888165,True,0.982370454398113,29.0,31.5,0.6789999999999999,,wallet_later
2025-12-16,True,0.001,lower_tail,True,True,0.39,56.561085267326675,True,0.9981750591033802,32.0,34.5,0.389,,wallet_later
2025-12-17,True,0.002,upper_tail,True,True,0.89,12.484751433862272,True,0.9806259645257472,47.0,49.5,0.888,,wallet_later
2025-12-18,True,0.001,central,True,True,0.6000000000000001,41.818348278496046,True,0.6664847506540463,50.0,52.5,0.5990000000000001,,wallet_later
2025-12-19,True,0.001,central,True,True,0.4599999999999999,51.34775152047172,True,0.9994032199989632,58.0,60.5,0.4589999999999999,,wallet_earlier
2025-12-20,True,0.001,central,True,True,0.78,23.141829882170295,True,0.9999999999999929,38.0,40.5,0.779,,wallet_earlier
2025-12-21,True,0.01,central,True,False,,,,0.9457064161073468,46.0,48.5,,,
2025-12-22,True,0.001,central,True,True,0.63,34.128090441238236,True,0.9864477599186313,39.0,41.5,0.629,,wallet_later
2025-12-23,True,0.006,central,True,True,0.24,76.56299192573431,True,0.9946706165751104,40.0,42.5,0.23399999999999999,,wallet_earlier
2025-12-24,True,0.001,central,True,True,0.95,6.350646562402335,True,0.3269960822892305,46.0,48.5,0.949,,wallet_later
2025-12-25,True,0.001,central,True,False,,,,0.0,49.0,51.5,,,
2025-12-26,True,0.001,central,True,True,0.85,16.75409208281082,True,0.9997718531493591,29.0,31.5,0.849,,wallet_later
2025-12-27,True,0.001,central,True,True,0.17,67.19060437240142,True,0.9851036647309336,31.0,33.5,0.169,,wallet_earlier
2025-12-28,True,0.001,central,True,True,0.62,39.78935527817327,True,0.9974190782029094,39.0,41.5,0.619,,wallet_later
2025-12-29,True,0.001,upper_tail,True,True,0.55,43.33555979379024,True,1.0,49.0,51.5,0.549,,wallet_later
2025-12-30,True,0.001,central,True,True,0.64,28.528987773864245,True,0.6489407293560732,33.0,35.5,0.639,,wallet_later
2025-12-31,True,0.001,central,True,True,0.28,48.53656211240498,True,0.983907553754544,33.0,35.5,0.279,,wallet_later
2026-01-01,True,0.001,central,True,True,0.07,93.7259320104008,True,0.00024485636754312257,36.0,38.5,0.069,,wallet_earlier
2026-01-02,True,0.002,central,True,True,0.6599999999999999,28.45522394383149,True,0.9999999749959821,30.0,32.5,0.6579999999999999,,wallet_later
2026-01-03,True,0.001,central,True,True,0.63,33.30792931629928,True,0.9590377931325114,30.0,32.5,0.629,,wallet_later
2026-01-04,True,0.001,central,True,True,0.46,28.149986585923,True,0.9991598773520677,35.0,37.5,0.459,,wallet_later
2026-01-05,True,0.001,central,True,False,,,,0.9999601625511803,39.0,41.5,,,
2026-01-06,True,0.001,central,True,True,0.54,30.59151701373674,True,0.9998880994948172,42.0,44.5,0.539,,wallet_later
2026-01-07,True,0.001,central,True,True,0.42,33.56879028384167,True,0.9826394817543344,49.0,51.5,0.419,,wallet_later
2026-01-08,True,0.001,central,True,False,,,,0.8820119170774458,50.0,52.5,,,
2026-01-09,True,0.005,upper_tail,True,True,0.86,15.820777495334667,True,0.963262226683486,54.0,56.5,0.855,,wallet_earlier
2026-01-10,True,0.001,upper_tail,True,True,0.04,89.66698983003813,False,0.9995705226647393,52.0,54.5,0.039,,wallet_earlier
2026-01-11,True,0.001,central,True,True,0.96,5.580473772565448,True,0.7830852632284582,47.0,49.5,0.959,,wallet_earlier
2026-01-12,True,0.001,central,True,True,0.9,11.703115312787594,True,0.999998618211158,41.0,43.5,0.899,,wallet_later
2026-01-13,True,0.001,central,True,True,0.34,22.27224088468583,True,0.9919763037979499,48.0,50.5,0.339,,wallet_later
2026-01-14,True,0.001,central,True,True,0.5,46.33219590738983,True,0.926369413227958,52.0,54.5,0.499,,wallet_later
2026-01-15,False,,,,True,0.03,95.8071961388615,False,,,,,,
2026-01-16,True,0.001,lower_tail,True,True,0.89,12.69501838505196,True,0.9999986232351049,34.0,36.5,0.889,,wallet_later
2026-01-17,True,0.001,central,True,True,0.5,42.57695905675872,True,0.9998408534404738,39.0,41.5,0.499,,wallet_earlier
2026-01-18,True,0.001,upper_tail,True,True,0.25,68.60247475743041,True,0.9999999917319782,36.0,38.5,0.249,,wallet_later
2026-01-19,True,0.001,central,True,True,0.35,49.02370673162577,True,0.6079435349054547,32.0,34.5,0.349,,wallet_later
2026-01-20,True,0.001,central,True,False,,,,0.9999999979003694,26.0,28.5,,,
2026-01-21,True,0.002,central,True,True,0.38,24.087459001185685,True,0.9068004128252296,40.0,42.5,0.378,,wallet_later
2026-01-22,True,0.013,central,True,True,0.29,28.300098568814185,True,1.0,47.0,49.5,0.27699999999999997,,wallet_later
2026-01-23,True,0.001,central,True,True,0.2299999999999999,50.611022681378785,False,0.923748645216192,38.0,40.5,0.2289999999999999,,wallet_later
2026-01-24,True,0.002,central,True,False,,,,0.9999999998504865,17.0,19.5,,,
2026-01-25,True,0.008889654643131236,central,True,True,0.65,36.96268630626539,True,0.9999985996326619,22.0,24.5,0.6411103453568688,,wallet_earlier
2026-01-26,True,0.002,central,True,True,0.42,45.35822315664607,True,0.9999959275580446,27.0,29.5,0.418,,wallet_later
2026-01-27,True,0.16941666666666666,central,False,True,0.25,41.253761853410744,True,,22.0,24.5,0.08058333333333334,,wallet_later
2026-01-28,True,0.027683333333333334,central,True,True,0.48,43.17332602932952,True,0.0009063872988849253,23.0,25.5,0.45231666666666664,,wallet_later
2026-01-29,True,0.001,central,False,True,0.53,33.88417903263245,True,,23.0,25.5,0.529,,wallet_earlier
2026-01-30,False,,,,True,0.3399999999999999,44.232309683351865,True,,,,,,
2026-01-31,True,0.1,central,True,True,0.64,33.07043804376523,False,0.9944704899062831,24.0,26.5,0.54,,wallet_later
2026-02-01,True,0.56,central,True,True,0.42,57.05738847780181,True,0.9996859119822583,24.0,26.5,-0.14000000000000007,,wallet_later
2026-02-02,True,0.99,central,True,True,0.69,22.61345478471662,True,0.9999961746627125,35.0,37.5,-0.30000000000000004,,wallet_earlier
2026-02-03,True,0.006,central,True,True,0.63,38.89036975947485,True,0.9999975174798328,33.0,35.5,0.624,,wallet_later
2026-02-04,True,0.005632387994357153,central,True,True,0.4499999999999999,45.82903926174012,True,0.0,33.0,35.5,0.44436761200564273,,wallet_later
2026-02-05,True,0.963,central,True,True,0.26,44.19771745330768,True,1.0165375636632817e-12,32.0,34.5,-0.703,,wallet_earlier
2026-02-06,True,0.001,central,True,True,0.54,43.59918992673368,True,1.0,33.0,35.5,0.539,,wallet_later
2026-02-07,True,0.9754054054054054,lower_tail,True,False,,,,0.2576577015537398,27.0,29.5,,,
2026-02-08,True,0.9663189939007935,lower_tail,True,True,0.37,56.34266448579632,True,0.9999966207004973,18.0,20.5,-0.5963189939007935,,wallet_earlier
2026-02-09,True,0.9538944044904403,central,True,True,0.4499999999999999,53.82423142719123,True,0.9999581518745037,31.0,33.5,-0.5038944044904403,,wallet_later
2026-02-10,True,0.010975878260869565,central,True,True,0.56,40.08845496046222,True,0.9999983705644279,37.0,39.5,0.5490241217391305,,wallet_later
2026-02-11,True,0.9290874269005848,central,True,True,0.5800000000000001,40.89297837064191,True,0.9944331700420536,41.0,43.5,-0.3490874269005847,,wallet_later
2026-02-12,True,0.0367233918128655,central,True,True,0.41,39.52674626612821,False,0.9999640784782303,36.0,38.5,0.3732766081871345,,wallet_later
2026-02-13,True,0.00697444089456869,central,True,True,0.77,23.24430329878804,True,0.9457847030544502,38.0,40.5,0.7630255591054314,,wallet_later
2026-02-14,True,0.001,central,True,True,0.43,45.62745243047398,True,0.9992161368428687,46.0,48.5,0.429,,wallet_later
2026-02-15,True,0.19408663669799756,central,True,True,0.6599999999999999,33.96572838622684,True,0.999999999792232,40.0,42.5,0.4659133633020024,,wallet_later
2026-02-16,True,0.003,central,True,True,0.6799999999999999,31.012118847941434,True,0.9999999998684179,39.0,41.5,0.6769999999999999,,wallet_later
2026-02-17,True,0.017000001207202724,lower_tail,True,True,0.54,33.43238444684799,True,0.9949171480352534,47.0,49.5,0.5229999987927973,,wallet_later
2026-02-18,True,0.001,central,True,True,0.54,45.785930313479874,True,0.9993443131485976,41.0,43.5,0.539,,wallet_earlier
2026-02-19,True,0.008015081001472754,upper_tail,True,True,0.4,24.49774762719702,True,0.9990999459972406,42.0,44.5,0.3919849189985273,,wallet_earlier
2026-02-20,True,0.012529205789861051,central,True,True,0.54,44.99206186938263,True,0.9994431132926739,37.0,39.5,0.527470794210139,,wallet_later
2026-02-21,True,0.001,central,True,True,0.6599999999999999,23.322059506470733,True,0.9999672756875327,46.0,48.5,0.6589999999999999,,wallet_later
2026-02-22,True,0.011427742413784287,central,True,True,0.94,7.921817596039441,True,0.9849008564438952,39.0,41.5,0.9285722575862156,,wallet_later
2026-02-23,True,0.001,upper_tail,True,True,0.42,26.253344673727447,True,0.9983540801585212,35.0,37.5,0.419,,wallet_earlier
2026-02-24,True,0.007706921150624271,central,True,True,0.31,31.70819603381215,True,0.9999959132486965,31.0,33.5,0.30229307884937573,,wallet_later
2026-02-25,True,0.010833036740444148,central,True,True,0.55,43.232553516812175,True,0.9999999961646884,44.0,46.5,0.5391669632595559,,wallet_earlier
2026-02-26,True,0.014317821357766705,central,True,True,0.56,43.47977884804009,True,0.9999999321198189,49.0,51.5,0.5456821786422333,,wallet_earlier
2026-02-27,True,0.00964736531403198,central,True,True,0.67,34.990303067437964,True,0.999999997821306,44.0,46.5,0.660352634685968,,wallet_earlier
2026-02-28,True,0.005456522565681913,central,True,True,0.6799999999999999,33.8888832084648,True,1.0,54.0,56.5,0.674543477434318,,wallet_later
2026-03-01,True,0.020259154189075215,central,True,True,0.14,80.08377182182626,True,0.995823952554025,43.0,45.5,0.1197408458109248,,wallet_later
2026-03-02,True,0.033893505958309006,central,True,False,,,,0.9998437675598929,33.0,35.5,,,
2026-03-03,True,0.01228428828109403,central,True,True,0.64,37.75076029205816,True,0.9999999957108542,36.0,38.5,0.6277157117189059,,wallet_earlier
2026-03-04,True,0.2142987282402814,central,True,True,0.6100000000000001,39.637816061737645,True,0.9113130912595818,49.0,51.5,0.3957012717597187,,wallet_earlier
2026-03-05,False,,,,True,0.1099999999999999,88.85582650149203,True,,,,,,
2026-03-06,True,0.005,upper_tail,True,True,0.6799999999999999,26.49125909786672,True,0.9997576082832874,41.0,43.5,0.6749999999999999,,wallet_earlier
2026-03-07,True,0.006970648303589568,central,True,True,0.6,34.19507632334926,False,0.9882176271767635,52.0,54.5,0.5930293516964104,,wallet_later
2026-03-08,True,0.001,central,True,True,0.95,5.7800987585776955,True,1.0,69.0,71.5,0.949,,wallet_later
2026-03-09,True,0.002,central,True,False,,,,1.0,73.0,75.5,,,
2026-03-10,True,0.015332147909967845,central,True,True,0.92,8.181921515867693,True,0.0,80.0,82.5,0.9046678520900322,,wallet_earlier
2026-03-11,True,0.013077813621936624,central,True,True,0.44,54.56643864491632,True,0.0,72.0,74.5,0.4269221863780634,,wallet_later
2026-03-12,True,0.007,central,True,False,,,,0.46633356087374533,63.0,65.5,,,
2026-03-13,True,0.99,central,True,True,0.43,56.29140768007736,True,0.0,42.0,44.5,-0.56,,wallet_later
2026-03-14,False,,,,True,0.39,28.4397173993262,True,,,,,,
2026-03-15,False,,,,True,0.38,56.84072499323922,True,,,,,,
2026-03-16,True,0.043262798634812284,central,True,True,0.84,17.448948183925957,True,0.0,57.0,59.5,0.7967372013651877,,wallet_earlier
2026-03-18,True,0.009055931599572497,central,True,True,0.75,24.076152492861425,True,1.0,37.0,39.5,0.7409440684004275,,wallet_earlier
2026-03-19,True,0.18,lower_tail,True,True,0.56,43.3697329548446,True,0.9999999999999999,44.0,46.5,0.38000000000000006,,wallet_earlier
2026-03-20,True,0.014692269498128485,central,True,True,0.65,30.352503254833884,True,0.9999998468587163,57.0,59.5,0.6353077305018715,,wallet_later
2026-03-21,True,0.0858426032199026,central,True,True,0.31,21.214378277404816,True,0.9962169086595355,59.0,61.5,0.22415739678009738,,wallet_earlier
2026-03-22,True,0.01,central,True,True,0.6699999999999999,29.082350323382183,True,0.9999997794154518,63.0,65.5,0.6599999999999999,,wallet_earlier
2026-03-23,True,0.953,central,True,False,,,,0.9999999994093242,50.0,52.5,,,
2026-03-24,True,0.013318753576951645,upper_tail,True,False,,,,0.9999999822764928,48.0,50.5,,,
2026-03-25,True,0.999,central,True,True,0.8,21.448948183925957,True,0.0,54.0,56.5,-0.19899999999999995,,wallet_earlier
2026-03-26,True,0.98155,central,True,True,0.25,45.93102026637046,True,0.0,76.0,78.5,-0.73155,,wallet_later
2026-03-27,True,0.02,upper_tail,True,False,,,,1.0,65.0,67.5,,,
2026-03-28,True,0.008041487653517337,central,True,True,0.51,31.297045191034737,True,0.9999999999980455,44.0,46.5,0.5019585123464827,,wallet_earlier
2026-03-29,True,0.16,central,True,False,,,,1.0,54.0,56.5,,,
2026-03-30,True,0.002,central,True,True,0.86,15.999919656663408,True,0.9998562832325025,73.0,75.5,0.858,,wallet_later
2026-03-31,True,0.9738598749540273,upper_tail,True,False,,,,1.0,81.0,83.5,,,
2026-04-01,True,0.007122062597913403,upper_tail,True,True,0.89,12.195011767806218,False,1.0,80.0,82.5,0.8828779374020866,,wallet_earlier
2026-04-02,True,0.0104089375,upper_tail,True,True,0.03,82.6246638337274,False,0.003390322827187875,51.0,53.5,0.0195910625,,wallet_earlier
2026-04-03,True,0.022,lower_tail,True,True,0.62,27.725932010400783,True,1.0,66.0,68.5,0.598,,wallet_earlier
2026-04-04,True,0.001,central,True,True,0.34,23.910464115713054,True,1.0,73.0,75.5,0.339,,wallet_earlier
2026-04-05,True,0.9899986798825581,central,True,True,0.33,52.848859794893485,True,0.9999999999999999,57.0,59.5,-0.6599986798825581,,wallet_earlier
2026-04-06,True,0.009919714363192625,central,True,True,0.56,33.912387304074436,True,0.9999992855984524,56.0,58.5,0.5500802856368074,,wallet_later
2026-04-07,True,0.9165212649945474,central,True,True,0.77,24.18279614706869,True,0.9924603075817402,56.0,58.5,-0.14652126499454743,,wallet_earlier
2026-04-08,True,0.9593821138211382,central,True,True,0.83,18.430127171423333,True,0.999987671049877,51.0,53.5,-0.1293821138211383,,wallet_earlier
2026-04-09,True,0.04,central,True,True,0.55,44.10977290050209,True,1.0,51.0,53.5,0.51,,wallet_earlier
2026-04-10,True,0.012588997624703087,central,True,True,0.5700000000000001,36.12439304910121,True,0.9999553162543467,63.0,65.5,0.557411002375297,,wallet_later
2026-04-11,True,0.014974492335257814,central,True,True,0.35,23.14821913272877,False,0.9976243231375491,63.0,65.5,0.33502550766474215,,wallet_later
2026-04-12,True,0.0024427466274534876,central,True,True,0.56,31.929429786683368,True,0.9999988705905513,55.0,57.5,0.5575572533725466,,wallet_later
2026-04-13,True,0.04669072164948453,central,True,True,0.4,32.354970683322215,True,3.984711175868584e-129,79.0,81.5,0.3533092783505155,,wallet_later
2026-04-14,True,0.008091983463646984,upper_tail,True,True,0.9,11.99999999998914,True,0.0005152627189503045,87.0,89.5,0.891908016536353,,wallet_later
2026-04-15,True,0.01,central,True,True,0.94,7.15598343988307,True,0.0,90.0,92.5,0.9299999999999999,,wallet_later
2026-04-16,True,0.001,central,True,True,0.96,5.766354591782391,True,0.9999645693784275,89.0,91.5,0.959,,wallet_later
2026-04-17,False,,,,True,0.39,34.38805411018024,True,,,,,,
2026-04-18,True,0.01982023858494447,central,True,True,0.27,41.191221824289435,True,5.209914156889596e-08,66.0,68.5,0.25017976141505555,,wallet_later
2026-04-19,True,0.875025702172761,lower_tail,True,True,0.7,27.264191664868477,True,0.0,53.0,55.5,-0.17502570217276103,,wallet_earlier
2026-04-20,False,,,,True,0.42,55.61509111465779,True,,,,,,
2026-04-21,True,0.006,central,True,True,0.26,50.686837142829944,True,0.9999935287246641,54.0,56.5,0.254,,wallet_earlier
2026-04-22,True,0.001,central,True,True,0.84,16.862931534417385,True,0.9999524683771465,56.0,58.5,0.839,,wallet_earlier
2026-04-23,True,0.006,central,True,True,0.29,47.686837142829944,True,2.0110651377081012e-05,73.0,75.5,0.284,,wallet_later
2026-04-24,True,0.007047619047619047,central,True,True,0.77,23.32478110859393,True,0.6708813611066147,68.0,70.5,0.7629523809523809,,wallet_earlier
2026-04-25,True,0.003,lower_tail,True,False,,,,,50.0,52.5,,,
2026-04-26,True,0.008507835119243053,central,True,False,,,,,,,,,
