trades,win_rate,net_pnl,avg_entry,avg_gap_abs,avg_model_prob,avg_confidence,sharpe,max_drawdown,factor,value,losses,loss_net,loss_share
460,0.5760869565217391,17.37999999999999,0.5183043478260869,33.210069481325746,0.30225447465262284,63.52339130434783,0.08138412192841706,-17.04000000000001,sleeve,CORE,195,-93.5,0.42391304347826086
513,0.8966861598440545,31.85999999999998,0.8208187134502922,19.451663287244113,0.004664653677266463,48.3911306042885,0.22628740242655965,-10.41,sleeve,DEEP_TAIL_NO,53,-33.94,0.10331384015594541
818,0.8056234718826406,46.229999999999976,0.7330195599022004,24.429298691993672,0.03523024046392631,53.95243276283619,0.16147343761850252,-13.080000000000002,direction,NO,159,-92.31,0.19437652811735942
155,0.4258064516129032,3.009999999999999,0.38638709677419353,34.01399288848547,0.7265270256590483,63.95045161290322,0.039419090865256384,-9.919999999999998,direction,YES,89,-35.13,0.5741935483870968
764,0.7382198952879581,47.809999999999974,0.6584162303664922,26.178469211394074,0.16210936227322015,55.57846858638743,0.1640066540739169,-14.139999999999986,bracket_type,central,200,-100.93,0.2617801047120419
109,0.9541284403669725,12.869999999999996,0.8222935779816514,18.31191207734765,0.017376471833761415,50.72504587155963,0.5495201656711621,-1.9000000000000021,bracket_type,wing_high,5,-3.0100000000000002,0.045871559633027525
100,0.57,-11.440000000000003,0.6684,32.58986333830107,0.1568443747002401,60.544300000000014,-0.26653208190040234,-20.15,bracket_type,wing_low,43,-23.500000000000004,0.43
30,0.9666666666666667,7.929999999999999,0.6866666666666669,24.18661040652062,0.20105098011685935,45.689333333333344,1.0032120270638316,-0.5499999999999998,month,2024-10,1,-0.55,0.03333333333333333
42,0.9761904761904762,9.969999999999999,0.7233333333333335,22.77870497422705,0.11773692545090884,54.31809523809523,0.9382569643537374,-0.5199999999999996,month,2024-11,1,-0.52,0.023809523809523808
59,0.6779661016949152,-0.28000000000000214,0.665593220338983,25.471013652509384,0.1386051357340062,57.54525423728813,-0.01231347121055155,-3.9000000000000017,month,2024-12,19,-9.8,0.3220338983050847
69,0.43478260869565216,-11.990000000000002,0.5905797101449275,37.337483031138575,0.13532407784594983,65.05304347826086,-0.4497750622221671,-13.760000000000003,month,2025-01,39,-18.76,0.5652173913043478
63,0.7301587301587301,3.0699999999999976,0.6644444444444443,30.457721415235397,0.07846003191525436,56.32,0.11487816834458268,-4.42,month,2025-02,17,-9.27,0.2698412698412698
65,0.7230769230769231,2.949999999999998,0.6603076923076923,26.451368334138113,0.15892016354367938,56.200307692307696,0.12605610157150945,-3.450000000000001,month,2025-03,18,-8.55,0.27692307692307694
57,0.7543859649122807,3.4199999999999977,0.6775438596491228,22.836430964226338,0.1915477180220945,55.94403508771931,0.16228074511194857,-1.64,month,2025-04,14,-6.819999999999999,0.24561403508771928
57,0.8771929824561403,8.579999999999998,0.7108771929824562,20.700397171492217,0.20717409567607628,51.39649122807018,0.48432461897429574,-1.09,month,2025-05,7,-3.62,0.12280701754385964
51,0.7647058823529411,2.8699999999999988,0.6909803921568628,26.487479463200035,0.14559681903068653,53.45941176470589,0.13792447091318719,-2.7200000000000006,month,2025-06,12,-7.240000000000001,0.23529411764705882
45,0.8,3.1999999999999993,0.712888888888889,21.220690564773058,0.16726822727732027,45.67933333333334,0.18664683649371117,-2.54,month,2025-07,9,-5.430000000000001,0.2
34,0.9705882352941176,8.159999999999998,0.7144117647058823,21.787279433474747,0.16126491989849423,52.35441176470589,0.948818082919852,-0.6500000000000004,month,2025-08,1,-0.65,0.029411764705882353
31,0.8064516129032258,4.879999999999998,0.6316129032258064,26.606789759879806,0.1405929612909277,59.47096774193548,0.44870898274044274,-0.7600000000000007,month,2025-09,6,-2.59,0.1935483870967742
40,0.825,7.35,0.62425,23.528062959710134,0.251749684886736,57.82874999999999,0.5147977315844927,-0.8799999999999999,month,2025-10,7,-2.9699999999999998,0.175
48,0.7291666666666666,2.9399999999999995,0.6504166666666666,26.82377102483621,0.15616905319745658,60.35958333333334,0.1652144416847749,-1.02,month,2025-11,13,-6.210000000000001,0.2708333333333333
54,0.6481481481481481,-3.7100000000000013,0.7007407407407409,26.172037977911064,0.10605231498376642,55.83814814814814,-0.18103344289570727,-5.59,month,2025-12,19,-10.1,0.35185185185185186
59,0.6271186440677966,-4.170000000000001,0.6813559322033899,25.94082351097805,0.11313093788496766,58.293898305084745,-0.19960797419078563,-4.8100000000000005,month,2026-01,22,-10.68,0.3728813559322034
71,0.676056338028169,-0.6600000000000019,0.6676056338028169,29.790701727764883,0.08364846963826619,56.56957746478873,-0.02320479535297473,-4.470000000000001,month,2026-02,23,-12.579999999999998,0.323943661971831
49,0.7551020408163265,-0.6400000000000015,0.7528571428571429,21.991413018611226,0.11413171672807848,50.315918367346946,-0.03729799614323821,-2.24,month,2026-03,12,-6.669999999999999,0.24489795918367346
49,0.8367346938775511,5.369999999999999,0.7116326530612246,23.216915100825087,0.17643877899671134,53.823877551020416,0.3070441897418255,-1.35,month,2026-04,8,-4.43,0.16326530612244897
21,0.19047619047619047,-0.7500000000000002,0.20857142857142852,60.24206798418241,0.3338342857391578,76.68380952380951,-0.08684603324651202,-2.4400000000000004,entry_bucket,<25c,17,-3.8600000000000003,0.8095238095238095
67,0.40298507462686567,5.359999999999998,0.3029850746268657,40.65771305099154,0.6182158687246924,73.36373134328358,0.16096576514772726,-3.9600000000000013,entry_bucket,25-35c,40,-12.98,0.5970149253731343
89,0.47191011235955055,3.6300000000000012,0.411123595505618,38.482370586152726,0.45503929143237104,64.88797752808989,0.08089082956186655,-4.9300000000000015,entry_bucket,35-45c,47,-20.33,0.5280898876404494
116,0.43103448275862066,-11.630000000000003,0.5112931034482757,34.69530307679003,0.30717954052984275,60.26534482758621,-0.20298033242988314,-16.94000000000001,entry_bucket,45-55c,66,-34.82000000000001,0.5689655172413793
124,0.6854838709677419,7.439999999999992,0.605483870967742,33.86386760652889,0.07374903305964478,62.82137096774195,0.12941694677869373,-4.940000000000001,entry_bucket,55-65c,39,-24.19,0.31451612903225806
171,0.8830409356725146,26.990000000000002,0.7052046783625732,28.276140408232163,0.03564579923462962,61.82052631578948,0.48870165369986607,-2.139999999999999,entry_bucket,65-75c,20,-14.469999999999999,0.11695906432748537
385,0.9506493506493506,18.19999999999999,0.8915584415584416,12.42145271062153,0.004227031335343114,42.57846753246753,0.21532581446795343,-4.4399999999999995,entry_bucket,>75c,19,-16.79,0.04935064935064935
268,0.9664179104477612,8.309999999999988,0.925410447761194,9.079154376896875,0.0037980084698372033,38.89664179104478,0.16916685619341432,-2.83,gap_bucket,0-15,9,-8.45,0.033582089552238806
66,0.9242424242424242,4.930000000000001,0.8366666666666668,17.90568427990443,0.004276490534288967,49.344090909090916,0.27676223394730254,-0.8700000000000001,gap_bucket,15-20,5,-4.3,0.07575757575757576
156,0.6794871794871795,2.819999999999996,0.6414102564102564,22.786251597507857,0.2154781748622576,51.97121794871795,0.043555140643152704,-4.94,gap_bucket,20-25,50,-27.580000000000002,0.32051282051282054
143,0.6783216783216783,9.03,0.5951748251748251,27.54146382038954,0.23203933408626404,58.97258741258741,0.1559364546522644,-3.5800000000000014,gap_bucket,25-30,46,-22.790000000000003,0.32167832167832167
146,0.684931506849315,12.179999999999996,0.5815068493150686,32.42809461713896,0.18827210346355552,64.61787671232877,0.1926957703034851,-3.509999999999998,gap_bucket,30-35,46,-24.540000000000006,0.3150684931506849
18,0.8888888888888888,4.1899999999999995,0.6361111111111112,37.73962757284228,0.00649261316046604,70.44999999999999,0.7242421567295697,-0.66,gap_bucket,35-40,2,-1.3,0.1111111111111111
117,0.5384615384615384,6.179999999999993,0.4656410256410256,43.76959770639107,0.25332250620567964,73.3974358974359,0.10382775575157349,-8.840000000000003,gap_bucket,40-50,54,-25.88,0.46153846153846156
59,0.3898305084745763,1.5999999999999994,0.3435593220338983,61.2271877067099,0.2727180272878779,76.84745762711864,0.055446971911247776,-4.960000000000001,gap_bucket,50+,36,-12.600000000000001,0.6101694915254238
364,0.8598901098901099,9.23999999999999,0.8208241758241758,19.6240867219627,0.001121770143010301,47.505192307692305,0.08669304295856232,-18.67,model_prob_bucket,0-0.5%,51,-31.800000000000004,0.1401098901098901
101,0.900990099009901,12.609999999999998,0.7599999999999999,24.784309779673617,0.007404426955739055,56.09554455445546,0.40901021956374745,-2.4800000000000004,model_prob_bucket,0.5-1%,10,-6.85,0.09900990099009901
136,0.9191176470588235,21.009999999999994,0.7483823529411765,25.309006503504964,0.013968758494362077,56.54147058823529,0.6172588572243237,-1.7300000000000004,model_prob_bucket,1-2%,11,-5.9399999999999995,0.08088235294117647
62,0.6774193548387096,1.7199999999999989,0.6296774193548387,33.48588423189719,0.03546373832618935,66.04693548387097,0.05689191273279116,-6.7200000000000015,model_prob_bucket,2-5%,20,-13.15,0.3225806451612903
43,0.7209302325581395,4.699999999999998,0.5916279069767442,34.18731166620945,0.0664989763611612,65.50372093023256,0.261891129391548,-2.7299999999999978,model_prob_bucket,5-10%,12,-6.419999999999999,0.27906976744186046
92,0.532608695652174,-2.440000000000003,0.5391304347826088,30.415064919902985,0.1567189160183614,59.26847826086957,-0.05386751732948989,-6.190000000000003,model_prob_bucket,10-25%,43,-23.330000000000002,0.4673913043478261
22,0.4090909090909091,-0.18,0.3972727272727274,27.02601464086981,0.3299025151568946,55.191363636363626,-0.017078795979396023,-1.4200000000000002,model_prob_bucket,25-50%,13,-5.1000000000000005,0.5909090909090909
82,0.3902439024390244,0.7699999999999996,0.36085365853658535,29.558546009415,0.6564391186307353,61.565975609756094,0.01911909993527496,-5.39,model_prob_bucket,50-75%,50,-18.810000000000002,0.6097560975609756
71,0.4647887323943662,1.8099999999999985,0.4192957746478873,39.495622496071356,0.814251999608601,67.20197183098593,0.05134191093787572,-5.909999999999999,model_prob_bucket,75-100%,38,-16.04,0.5352112676056338
0,0.0,0.0,0.0,0.0,0.0,0.0,0.0,0.0,actual_minus_consensus_bucket,<-8F,0,0.0,0.0
2,0.5,-0.09000000000000002,0.525,28.645893171372443,0.4355791887308863,53.195,-0.07856742013183864,0.0,actual_minus_consensus_bucket,-8:-5F,1,-0.45,0.5
2,0.5,-0.6600000000000001,0.815,20.411495012339596,0.000885049876604,36.715,-0.5691347263208799,-0.74,actual_minus_consensus_bucket,-5:-3F,1,-0.74,0.5
75,0.7333333333333333,0.47999999999999843,0.7106666666666667,24.952798600384522,0.14354170478412157,50.37786666666667,0.015840833971755206,-4.24,actual_minus_consensus_bucket,-3:-1F,20,-11.899999999999999,0.26666666666666666
327,0.9051987767584098,75.32,0.6578899082568808,25.803868757430706,0.17504483914856017,56.757584097859336,0.7485986364907771,-5.809999999999992,actual_minus_consensus_bucket,-1:+1F,31,-15.23,0.09480122324159021
343,0.6822157434402333,-8.660000000000009,0.6908746355685133,25.452231185759643,0.13840409622693833,55.292478134110794,-0.07110311320864925,-17.19,actual_minus_consensus_bucket,+1:+3F,109,-53.94,0.3177842565597668
91,0.5054945054945055,-15.790000000000001,0.6623076923076924,28.784318562751746,0.10895717047565648,55.73208791208791,-0.4414468804570998,-16.380000000000003,actual_minus_consensus_bucket,+3:+5F,45,-23.869999999999997,0.4945054945054945
15,0.6666666666666666,-1.5300000000000002,0.7526666666666667,22.23717768742386,0.048813210330795456,49.72933333333334,-0.20574028119559443,-1.83,actual_minus_consensus_bucket,+5:+8F,5,-3.69,0.3333333333333333
7,0.7142857142857143,-0.050000000000000364,0.7042857142857143,29.22710222897724,0.014871834853084688,46.864285714285714,-0.017004048805967096,-1.1800000000000002,actual_minus_consensus_bucket,>+8F,2,-1.1800000000000002,0.2857142857142857
111,0.6936936936936937,0.21999999999999853,0.6750450450450451,26.66900725990815,0.12907926505389905,57.807117117117116,0.0054957677868811665,-5.360000000000001,actual_minus_consensus_bucket,nan,34,-16.44,0.3063063063063063
8,0.0,-5.960000000000001,0.7275,27.11602249111677,0.016339775088832248,50.02875,-8.34426702081707,-5.09,loss_mode,NO_loss_actual_colder_than_model,8,-5.960000000000001,1.0
53,0.0,-33.34,0.61,33.510078452473394,0.05980487585262455,60.864339622641516,-4.066652650135566,-32.81999999999999,loss_mode,NO_loss_actual_hotter_than_model,53,-33.34,1.0
55,0.0,-28.63,0.500909090909091,34.177178519888464,0.15986457843747898,60.792,-4.199010279348384,-28.08,loss_mode,NO_loss_bracket_hit,55,-28.63,1.0
38,0.0,-21.37,0.5442105263157896,45.7763917645155,0.011183450775897594,68.76315789473684,-2.492133650011802,-20.83,loss_mode,NO_loss_cold_lower_tail_hit,38,-21.37,1.0
5,0.0,-3.0100000000000002,0.5840000000000001,33.83208817084919,0.08567911829150804,57.279999999999994,-2.9297959665299267,-2.4000000000000004,loss_mode,NO_loss_hot_upper_tail_hit,5,-3.0100000000000002,1.0
2,0.0,-0.78,0.37,33.16534359195693,0.7016534359195694,61.55500000000001,-4.596194077712559,-0.33,loss_mode,YES_loss_actual_colder_than_model,2,-0.78,1.0
25,0.0,-8.28,0.31120000000000003,34.95952950814506,0.6607952950814506,66.3496,-5.312989161882123,-7.810000000000001,loss_mode,YES_loss_actual_hotter_than_model,25,-8.28,1.0
5,0.0,-2.13,0.40599999999999997,49.47563722227504,0.9007563722227505,82.72,-3.4462590690023043,-1.8499999999999999,loss_mode,YES_loss_lower_tail_missed,5,-2.13,1.0
57,0.0,-23.94,0.4,31.22536288512999,0.7122536288513,59.00333333333334,-4.878870104232732,-23.39,loss_mode,YES_loss_near_model_or_adjacent,57,-23.94,1.0
725,1.0,176.67999999999995,0.7404827586206897,22.767478548834514,0.09028731388445267,53.26588965517242,1.3340857495153704,0.0,loss_mode,winner,0,0.0,0.0
929,0.7739504843918191,68.79999999999997,0.6832508073196984,25.120110463642025,0.15013730607200285,54.92130247578041,0.2047103151109788,-12.889999999999993,settlement_mismatch,False,210,-106.57,0.22604951560818085
44,0.13636363636363635,-19.560000000000002,0.5627272727272729,43.608013796423386,0.04437428035803456,68.71636363636362,-1.3190687282769562,-19.609999999999996,settlement_mismatch,True,38,-20.87,0.8636363636363636
