date,ticker,bracket,bracket_type,sleeve,gap_pp,direction,entry_price,entry_timing,confidence,model_prob,kalshi_result_yes,reconstructed_result_yes,settlement_mismatch,consensus,model_weight_source,weight_gfs,weight_ecmwf,weight_ukmo,weight_nbm,physics_mean,physics_spread,ai_mean,ai_spread,win,gross,fee,net,actual_temp,settlement_temp,month,month_num,quarter,is_current_tradeable,gap_abs,spread_between,actual_minus_consensus,entry_bucket,gap_bucket,prob_bucket,model_error_bucket,loss_mode
2024-10-16,HIGHNY-24OCT16-B57.5,57-58F,central,CORE,22.929760250718633,YES,0.53,9AM,37.24,0.7592976025071864,False,False,False,57.88,fixed_weights,0.25,0.35,0.2,0.2,58.8,0.0,56.5,0.6000000000000014,False,-0.53,0.02,-0.55,59.0,59.0,2024-10,10,2024Q4,True,22.929760250718633,2.299999999999997,1.1199999999999974,45-55c,20-25,75-100%,+1:+3F,YES_loss_near_model_or_adjacent
2024-11-29,KXHIGHNY-24NOV29-B44.5,44-45F,central,CORE,20.793221028806062,YES,0.5,9AM,54.72,0.7079322102880606,False,False,False,45.14,fixed_weights,0.25,0.35,0.2,0.2,45.3,0.1999999999999993,44.95,0.1500000000000021,False,-0.5,0.02,-0.52,47.0,47.0,2024-11,11,2024Q4,True,20.793221028806062,0.3499999999999943,1.8599999999999994,45-55c,20-25,50-75%,+1:+3F,YES_loss_near_model_or_adjacent
2024-12-04,KXHIGHNY-24DEC04-B39.5,39-40F,central,CORE,31.587261511888947,YES,0.45,9AM,62.12,0.7658726151188895,False,False,False,39.795,fixed_weights,0.25,0.35,0.2,0.2,39.55,0.75,40.35,0.3500000000000014,False,-0.45,0.02,-0.47,42.0,42.0,2024-12,12,2024Q4,True,31.587261511888947,0.8000000000000043,2.2049999999999983,35-45c,30-35,75-100%,+1:+3F,YES_loss_actual_hotter_than_model
2024-12-04,KXHIGHNY-24DEC04-B41.5,41-42F,central,CORE,-32.40293517294428,NO,0.5,9AM,63.2,0.1759706482705572,True,True,False,39.795,fixed_weights,0.25,0.35,0.2,0.2,39.55,0.75,40.35,0.3500000000000014,False,-0.5,0.02,-0.52,42.0,42.0,2024-12,12,2024Q4,True,32.40293517294428,0.8000000000000043,2.2049999999999983,45-55c,30-35,10-25%,+1:+3F,NO_loss_actual_hotter_than_model
2024-12-05,KXHIGHNY-24DEC05-B38.5,38-39F,central,CORE,21.25376185341074,YES,0.45,9AM,51.01,0.6625376185341074,False,False,False,39.285,fixed_weights,0.25,0.35,0.2,0.2,39.55,1.4499999999999993,39.25,0.3500000000000014,False,-0.45,0.02,-0.47,40.0,40.0,2024-12,12,2024Q4,True,21.25376185341074,0.29999999999999716,0.7150000000000034,35-45c,20-25,50-75%,-1:+1F,YES_loss_near_model_or_adjacent
2024-12-09,KXHIGHNY-24DEC09-B50.5,50-51F,central,CORE,-23.671699982297756,NO,0.53,9AM,36.23,0.2332830001770224,True,True,False,49.035,fixed_weights,0.25,0.35,0.2,0.2,49.849999999999994,0.0500000000000007,47.8,1.900000000000002,False,-0.53,0.02,-0.55,51.0,51.0,2024-12,12,2024Q4,True,23.671699982297756,2.049999999999997,1.9650000000000034,45-55c,20-25,10-25%,+1:+3F,NO_loss_bracket_hit
2024-12-14,KXHIGHNY-24DEC14-B34.5,34-35F,central,CORE,-32.766228887371355,NO,0.39,9AM,80.35,0.2823377111262865,True,True,False,33.205,fixed_weights,0.25,0.35,0.2,0.2,33.349999999999994,1.0500000000000007,33.25,0.1499999999999985,False,-0.39,0.02,-0.41,34.0,34.0,2024-12,12,2024Q4,True,32.766228887371355,0.09999999999999432,0.7950000000000017,35-45c,30-35,25-50%,-1:+1F,NO_loss_bracket_hit
2024-12-15,KXHIGHNY-24DEC15-B41.5,41-42F,central,DEEP_TAIL_NO,-36.95072548624503,NO,0.64,9AM,71.27,0.0104927451375497,True,True,False,37.625,fixed_weights,0.25,0.35,0.2,0.2,37.05,0.6500000000000021,38.650000000000006,0.4499999999999993,False,-0.64,0.02,-0.66,41.0,41.0,2024-12,12,2024Q4,True,36.95072548624503,1.6000000000000085,3.375,55-65c,35-40,1-2%,+3:+5F,NO_loss_actual_hotter_than_model
2024-12-16,KXHIGHNY-24DEC16-B49.5,49-50F,central,CORE,23.57987514535856,YES,0.3,9AM,69.77,0.5357987514535856,False,False,False,48.875,fixed_weights,0.25,0.35,0.2,0.2,48.95,0.3499999999999978,48.85,0.3500000000000014,False,-0.3,0.02,-0.32,52.0,52.0,2024-12,12,2024Q4,True,23.57987514535856,0.10000000000000142,3.125,25-35c,20-25,50-75%,+3:+5F,YES_loss_actual_hotter_than_model
2024-12-16,KXHIGHNY-24DEC16-B51.5,51-52F,central,CORE,-40.49125909786672,NO,0.54,9AM,81.67,0.0550874090213328,True,True,False,48.875,fixed_weights,0.25,0.35,0.2,0.2,48.95,0.3499999999999978,48.85,0.3500000000000014,False,-0.54,0.02,-0.56,52.0,52.0,2024-12,12,2024Q4,True,40.49125909786672,0.10000000000000142,3.125,45-55c,40-50,5-10%,+3:+5F,NO_loss_actual_hotter_than_model
2024-12-17,KXHIGHNY-24DEC17-B55.5,55-56F,central,CORE,42.9313372754082,YES,0.25,9AM,74.33,0.679313372754082,False,False,False,56.235,fixed_weights,0.25,0.35,0.2,0.2,56.95,0.9499999999999992,55.4,0.6000000000000014,False,-0.25,0.02,-0.27,59.0,59.0,2024-12,12,2024Q4,True,42.9313372754082,1.5500000000000043,2.7650000000000006,<25c,40-50,50-75%,+1:+3F,YES_loss_actual_hotter_than_model
2024-12-17,KXHIGHNY-24DEC17-B59.5,59-60F,central,CORE,-22.630888463400744,NO,0.75,9AM,51.17,0.0236911153659925,True,True,False,56.235,fixed_weights,0.25,0.35,0.2,0.2,56.95,0.9499999999999992,55.4,0.6000000000000014,False,-0.75,0.02,-0.77,59.0,59.0,2024-12,12,2024Q4,True,22.630888463400744,1.5500000000000043,2.7650000000000006,65-75c,20-25,2-5%,+1:+3F,NO_loss_actual_hotter_than_model
2024-12-18,KXHIGHNY-24DEC18-B51.5,51-52F,central,CORE,33.64096185742408,YES,0.4,9AM,54.52,0.7364096185742408,False,False,False,51.455,fixed_weights,0.25,0.35,0.2,0.2,52.25,1.5499999999999972,50.65,0.25,False,-0.4,0.02,-0.42,53.0,53.0,2024-12,12,2024Q4,True,33.64096185742408,1.6000000000000014,1.5450000000000017,35-45c,30-35,50-75%,+1:+3F,YES_loss_near_model_or_adjacent
2024-12-20,KXHIGHNY-24DEC20-B37.5,37-38F,central,CORE,-25.825155095422396,NO,0.54,9AM,58.77,0.201748449045776,True,True,False,35.91,fixed_weights,0.25,0.35,0.2,0.2,35.7,0.0999999999999978,36.2,0.5999999999999979,False,-0.54,0.02,-0.56,37.0,37.0,2024-12,12,2024Q4,True,25.825155095422396,0.5,1.0900000000000034,45-55c,25-30,10-25%,+1:+3F,NO_loss_bracket_hit
2024-12-23,KXHIGHNY-24DEC23-B26.5,26-27F,central,CORE,21.888740403775564,YES,0.35,9AM,58.18,0.5688874040377556,False,False,False,25.955,fixed_weights,0.25,0.35,0.2,0.2,25.85,1.3499999999999996,26.450000000000003,0.6500000000000004,False,-0.35,0.02,-0.37,31.0,31.0,2024-12,12,2024Q4,True,21.888740403775564,0.6000000000000014,5.045000000000002,25-35c,20-25,50-75%,+5:+8F,YES_loss_actual_hotter_than_model
2024-12-23,KXHIGHNY-24DEC23-B30.5,30-31F,central,DEEP_TAIL_NO,-22.573130447547133,NO,0.79,9AM,59.1,0.0042686955245286,True,True,False,25.955,fixed_weights,0.25,0.35,0.2,0.2,25.85,1.3499999999999996,26.450000000000003,0.6500000000000004,False,-0.79,0.02,-0.81,31.0,31.0,2024-12,12,2024Q4,True,22.573130447547133,0.6000000000000014,5.045000000000002,>75c,20-25,0-0.5%,+5:+8F,NO_loss_actual_hotter_than_model
2024-12-24,KXHIGHNY-24DEC24-B36.5,36-37F,central,CORE,42.414604988116984,YES,0.34,9AM,85.33,0.7641460498811699,False,False,False,36.650000000000006,fixed_weights,0.25,0.35,0.2,0.2,36.900000000000006,2.6999999999999993,36.95,0.0500000000000007,False,-0.34,0.02,-0.36,39.0,39.0,2024-12,12,2024Q4,True,42.414604988116984,0.04999999999999716,2.3499999999999943,25-35c,40-50,75-100%,+1:+3F,YES_loss_actual_hotter_than_model
2024-12-24,KXHIGHNY-24DEC24-B38.5,38-39F,central,CORE,-33.24221182452857,NO,0.52,9AM,66.32,0.1475778817547143,True,True,False,36.650000000000006,fixed_weights,0.25,0.35,0.2,0.2,36.900000000000006,2.6999999999999993,36.95,0.0500000000000007,False,-0.52,0.02,-0.54,39.0,39.0,2024-12,12,2024Q4,True,33.24221182452857,0.04999999999999716,2.3499999999999943,45-55c,30-35,10-25%,+1:+3F,NO_loss_actual_hotter_than_model
2024-12-25,KXHIGHNY-24DEC25-B35.5,35-36F,central,CORE,-25.608830305254827,NO,0.53,9AM,52.81,0.2139116969474517,True,True,False,33.96,fixed_weights,0.25,0.35,0.2,0.2,33.7,1.0,34.599999999999994,0.1999999999999993,False,-0.53,0.02,-0.55,35.0,35.0,2024-12,12,2024Q4,True,25.608830305254827,0.8999999999999915,1.0399999999999991,45-55c,25-30,10-25%,+1:+3F,NO_loss_bracket_hit
2024-12-30,KXHIGHNY-24DEC30-B58.5,58-59F,central,CORE,-31.764688680026133,NO,0.65,9AM,69.35,0.0323531131997386,True,True,False,55.46999999999999,fixed_weights,0.25,0.35,0.2,0.2,55.8,0.5,55.099999999999994,1.8000000000000007,False,-0.65,0.02,-0.67,58.0,58.0,2024-12,12,2024Q4,True,31.764688680026133,0.7000000000000028,2.5300000000000082,55-65c,30-35,2-5%,+1:+3F,NO_loss_actual_hotter_than_model
2024-12-31,KXHIGHNY-24DEC31-B52.5,52-53F,central,CORE,-30.526746266128217,NO,0.5,9AM,37.37,0.1947325373387178,True,True,False,50.879999999999995,fixed_weights,0.25,0.35,0.2,0.2,52.0,1.6000000000000014,49.599999999999994,1.6999999999999993,False,-0.5,0.02,-0.52,53.0,53.0,2024-12,12,2024Q4,True,30.526746266128217,2.4000000000000057,2.1200000000000045,45-55c,30-35,10-25%,+1:+3F,NO_loss_actual_hotter_than_model
2025-01-01,KXHIGHNY-25JAN01-B51.5,51-52F,central,CORE,-28.699806896697076,NO,0.6,9AM,44.93,0.1130019310330292,True,True,False,49.435,fixed_weights,0.25,0.35,0.2,0.2,50.25,0.1499999999999985,48.25,1.3500000000000014,False,-0.6,0.02,-0.62,51.0,51.0,2025-01,1,2025Q1,True,28.699806896697076,2.0,1.5649999999999977,55-65c,25-30,10-25%,+1:+3F,NO_loss_bracket_hit
2025-01-03,KXHIGHNY-25JAN03-B37.5,37-38F,central,CORE,50.17325936091268,YES,0.26,9AM,84.0,0.7617325936091268,False,False,False,37.62,fixed_weights,0.25,0.35,0.2,0.2,38.0,0.7999999999999972,37.25,0.25,False,-0.26,0.02,-0.28,39.0,39.0,2025-01,1,2025Q1,True,50.17325936091268,0.75,1.3800000000000026,25-35c,50+,75-100%,+1:+3F,YES_loss_near_model_or_adjacent
2025-01-03,KXHIGHNY-25JAN03-B39.5,39-40F,central,CORE,-42.776109468538706,NO,0.43,9AM,74.0,0.1422389053146129,True,True,False,37.62,fixed_weights,0.25,0.35,0.2,0.2,38.0,0.7999999999999972,37.25,0.25,False,-0.43,0.02,-0.45,39.0,39.0,2025-01,1,2025Q1,True,42.776109468538706,0.75,1.3800000000000026,35-45c,40-50,10-25%,+1:+3F,NO_loss_bracket_hit
2025-01-07,KXHIGHNY-25JAN07-B30.5,30-31F,central,CORE,23.336239709782227,YES,0.48,9AM,48.11,0.7133623970978222,False,False,False,31.12,fixed_weights,0.25,0.35,0.2,0.2,31.1,1.6000000000000014,31.55,1.4499999999999993,False,-0.48,0.02,-0.5,33.0,33.0,2025-01,1,2025Q1,True,23.336239709782227,0.4499999999999993,1.879999999999999,45-55c,20-25,50-75%,+1:+3F,YES_loss_near_model_or_adjacent
2025-01-10,KXHIGHNY-25JAN10-B37.5,37-38F,central,CORE,40.37473831913112,YES,0.25,9AM,83.33,0.6537473831913112,False,False,False,38.31,fixed_weights,0.25,0.35,0.2,0.2,38.7,1.5,38.099999999999994,0.1999999999999993,False,-0.25,0.02,-0.27,39.0,39.0,2025-01,1,2025Q1,True,40.37473831913112,0.6000000000000085,0.6899999999999977,<25c,40-50,50-75%,-1:+1F,YES_loss_near_model_or_adjacent
2025-01-11,KXHIGHNY-25JAN11-B35.5,35-36F,central,CORE,-53.10559913053529,NO,0.25,9AM,88.67,0.2189440086946471,True,True,False,33.98,fixed_weights,0.25,0.35,0.2,0.2,34.0,1.0,34.2,0.3000000000000007,False,-0.25,0.02,-0.27,36.0,36.0,2025-01,1,2025Q1,True,53.10559913053529,0.20000000000000284,2.020000000000003,<25c,50+,10-25%,+1:+3F,NO_loss_actual_hotter_than_model
2025-01-12,KXHIGHNY-25JAN12-B40.5,40-41F,central,CORE,45.37923530934636,YES,0.31,9AM,66.33,0.7637923530934636,False,False,False,40.645,fixed_weights,0.25,0.35,0.2,0.2,41.650000000000006,1.4499999999999993,39.5,0.7000000000000028,False,-0.31,0.02,-0.33,42.0,42.0,2025-01,1,2025Q1,True,45.37923530934636,2.1500000000000057,1.3549999999999969,25-35c,40-50,75-100%,+1:+3F,YES_loss_near_model_or_adjacent
2025-01-16,KXHIGHNY-25JAN16-B30.5,<=nanF,wing_low,CORE,-48.0,NO,0.52,9AM,82.67,0.0,True,False,True,29.05,fixed_weights,0.25,0.35,0.2,0.2,29.2,0.3000000000000007,28.9,1.0,False,-0.52,0.02,-0.54,30.0,30.0,2025-01,1,2025Q1,True,48.0,0.3000000000000007,0.9499999999999993,45-55c,40-50,0-0.5%,-1:+1F,NO_loss_cold_lower_tail_hit
2025-01-16,KXHIGHNY-25JAN16-B30.5,<=nanF,wing_low,DEEP_TAIL_NO,-48.0,NO,0.54,9AM,82.67,0.0,True,False,True,29.05,fixed_weights,0.25,0.35,0.2,0.2,29.2,0.3000000000000007,28.9,1.0,False,-0.54,0.02,-0.56,30.0,30.0,2025-01,1,2025Q1,True,48.0,0.3000000000000007,0.9499999999999993,45-55c,40-50,0-0.5%,-1:+1F,NO_loss_cold_lower_tail_hit
2025-01-17,KXHIGHNY-25JAN17-B39.5,39-40F,central,CORE,54.39224481838345,YES,0.4,9AM,60.0,0.9439224481838344,False,False,False,40.47,fixed_weights,0.25,0.35,0.2,0.2,41.4,1.5,39.45,0.1500000000000021,False,-0.4,0.02,-0.42,42.0,42.0,2025-01,1,2025Q1,True,54.39224481838345,1.9499999999999957,1.5300000000000011,35-45c,50+,75-100%,+1:+3F,YES_loss_near_model_or_adjacent
2025-01-17,KXHIGHNY-25JAN17-B41.5,<=nanF,wing_low,CORE,-34.0,NO,0.6599999999999999,9AM,67.0,0.0,True,False,True,40.47,fixed_weights,0.25,0.35,0.2,0.2,41.4,1.5,39.45,0.1500000000000021,False,-0.6599999999999999,0.02,-0.6799999999999999,42.0,42.0,2025-01,1,2025Q1,True,34.0,1.9499999999999957,1.5300000000000011,65-75c,30-35,0-0.5%,+1:+3F,NO_loss_cold_lower_tail_hit
2025-01-17,KXHIGHNY-25JAN17-B41.5,<=nanF,wing_low,DEEP_TAIL_NO,-34.0,NO,0.6799999999999999,9AM,67.0,0.0,True,False,True,40.47,fixed_weights,0.25,0.35,0.2,0.2,41.4,1.5,39.45,0.1500000000000021,False,-0.6799999999999999,0.02,-0.7,42.0,42.0,2025-01,1,2025Q1,True,34.0,1.9499999999999957,1.5300000000000011,65-75c,30-35,0-0.5%,+1:+3F,NO_loss_cold_lower_tail_hit
2025-01-18,KXHIGHNY-25JAN18-B43.5,43-44F,central,CORE,63.68032383366582,YES,0.27,9AM,80.33,0.9068032383366582,False,False,False,43.690000000000005,fixed_weights,0.25,0.35,0.2,0.2,44.1,0.8999999999999986,43.3,1.099999999999998,False,-0.27,0.02,-0.29,46.0,46.0,2025-01,1,2025Q1,True,63.68032383366582,0.8000000000000043,2.309999999999995,25-35c,50+,75-100%,+1:+3F,YES_loss_actual_hotter_than_model
2025-01-18,KXHIGHNY-25JAN18-B45.5,<=nanF,wing_low,CORE,-56.99999999999999,NO,0.43,9AM,75.33,0.0,True,False,True,43.690000000000005,fixed_weights,0.25,0.35,0.2,0.2,44.1,0.8999999999999986,43.3,1.099999999999998,False,-0.43,0.02,-0.45,46.0,46.0,2025-01,1,2025Q1,True,56.99999999999999,0.8000000000000043,2.309999999999995,35-45c,50+,0-0.5%,+1:+3F,NO_loss_cold_lower_tail_hit
2025-01-18,KXHIGHNY-25JAN18-B45.5,<=nanF,wing_low,DEEP_TAIL_NO,-56.99999999999999,NO,0.45,9AM,75.33,0.0,True,False,True,43.690000000000005,fixed_weights,0.25,0.35,0.2,0.2,44.1,0.8999999999999986,43.3,1.099999999999998,False,-0.45,0.02,-0.4700000000000001,46.0,46.0,2025-01,1,2025Q1,True,56.99999999999999,0.8000000000000043,2.309999999999995,35-45c,50+,0-0.5%,+1:+3F,NO_loss_cold_lower_tail_hit
2025-01-19,KXHIGHNY-25JAN19-B39.5,39-40F,central,CORE,40.70654023211638,YES,0.34,9AM,74.0,0.7470654023211638,False,False,False,39.25,fixed_weights,0.25,0.35,0.2,0.2,39.2,2.5,39.95,1.5500000000000007,False,-0.34,0.02,-0.36,41.0,41.0,2025-01,1,2025Q1,True,40.70654023211638,0.75,1.75,25-35c,40-50,50-75%,+1:+3F,YES_loss_near_model_or_adjacent
2025-01-19,KXHIGHNY-25JAN19-B41.5,<=nanF,wing_low,DEEP_TAIL_NO,-87.0,NO,0.15,9AM,79.0,0.0,True,False,True,39.25,fixed_weights,0.25,0.35,0.2,0.2,39.2,2.5,39.95,1.5500000000000007,False,-0.15,0.01,-0.16,41.0,41.0,2025-01,1,2025Q1,True,87.0,0.75,1.75,<25c,50+,0-0.5%,+1:+3F,NO_loss_cold_lower_tail_hit
2025-01-20,KXHIGHNY-25JAN20-B26.5,<=nanF,wing_low,CORE,-54.0,NO,0.4599999999999999,9AM,75.0,0.0,True,False,True,27.110000000000003,fixed_weights,0.25,0.35,0.2,0.2,26.6,0.2999999999999989,27.950000000000003,0.1500000000000003,False,-0.4599999999999999,0.02,-0.48,26.0,26.0,2025-01,1,2025Q1,True,54.0,1.3500000000000014,-1.110000000000003,45-55c,50+,0-0.5%,-3:-1F,NO_loss_cold_lower_tail_hit
2025-01-20,KXHIGHNY-25JAN20-B26.5,<=nanF,wing_low,DEEP_TAIL_NO,-54.0,NO,0.48,9AM,75.0,0.0,True,False,True,27.110000000000003,fixed_weights,0.25,0.35,0.2,0.2,26.6,0.2999999999999989,27.950000000000003,0.1500000000000003,False,-0.48,0.02,-0.5,26.0,26.0,2025-01,1,2025Q1,True,54.0,1.3500000000000014,-1.110000000000003,45-55c,50+,0-0.5%,-3:-1F,NO_loss_cold_lower_tail_hit
2025-01-21,KXHIGHNY-25JAN21-B19.5,<=nanF,wing_low,CORE,-48.0,NO,0.52,9AM,62.33,0.0,True,False,True,18.99,fixed_weights,0.25,0.35,0.2,0.2,18.2,0.6999999999999993,20.35,1.1500000000000004,False,-0.52,0.02,-0.54,19.0,19.0,2025-01,1,2025Q1,True,48.0,2.150000000000002,0.010000000000001563,45-55c,40-50,0-0.5%,-1:+1F,NO_loss_cold_lower_tail_hit
2025-01-21,KXHIGHNY-25JAN21-B19.5,<=nanF,wing_low,DEEP_TAIL_NO,-48.0,NO,0.54,9AM,62.33,0.0,True,False,True,18.99,fixed_weights,0.25,0.35,0.2,0.2,18.2,0.6999999999999993,20.35,1.1500000000000004,False,-0.54,0.02,-0.56,19.0,19.0,2025-01,1,2025Q1,True,48.0,2.150000000000002,0.010000000000001563,45-55c,40-50,0-0.5%,-1:+1F,NO_loss_cold_lower_tail_hit
2025-01-22,KXHIGHNY-25JAN22-B20.5,<=nanF,wing_low,CORE,-48.0,NO,0.52,9AM,84.67,0.0,True,False,True,19.48,fixed_weights,0.25,0.35,0.2,0.2,19.6,1.4000000000000004,19.65,0.0499999999999989,False,-0.52,0.02,-0.54,20.0,20.0,2025-01,1,2025Q1,True,48.0,0.04999999999999716,0.5199999999999996,45-55c,40-50,0-0.5%,-1:+1F,NO_loss_cold_lower_tail_hit
2025-01-22,KXHIGHNY-25JAN22-B20.5,<=nanF,wing_low,DEEP_TAIL_NO,-48.0,NO,0.54,9AM,84.67,0.0,True,False,True,19.48,fixed_weights,0.25,0.35,0.2,0.2,19.6,1.4000000000000004,19.65,0.0499999999999989,False,-0.54,0.02,-0.56,20.0,20.0,2025-01,1,2025Q1,True,48.0,0.04999999999999716,0.5199999999999996,45-55c,40-50,0-0.5%,-1:+1F,NO_loss_cold_lower_tail_hit
2025-01-23,KXHIGHNY-25JAN23-B28.5,<=nanF,wing_low,CORE,-43.0,NO,0.5700000000000001,9AM,81.67,0.0,True,False,True,27.895000000000003,fixed_weights,0.25,0.35,0.2,0.2,28.15,1.950000000000001,28.0,0.1000000000000014,False,-0.5700000000000001,0.02,-0.5900000000000001,28.0,28.0,2025-01,1,2025Q1,True,43.0,0.14999999999999858,0.10499999999999687,55-65c,40-50,0-0.5%,-1:+1F,NO_loss_cold_lower_tail_hit
2025-01-23,KXHIGHNY-25JAN23-B28.5,<=nanF,wing_low,DEEP_TAIL_NO,-43.0,NO,0.5900000000000001,9AM,81.67,0.0,True,False,True,27.895000000000003,fixed_weights,0.25,0.35,0.2,0.2,28.15,1.950000000000001,28.0,0.1000000000000014,False,-0.5900000000000001,0.02,-0.6100000000000001,28.0,28.0,2025-01,1,2025Q1,True,43.0,0.14999999999999858,0.10499999999999687,55-65c,40-50,0-0.5%,-1:+1F,NO_loss_cold_lower_tail_hit
2025-01-24,KXHIGHNY-25JAN24-B31.5,31-32F,central,CORE,48.169054583616386,YES,0.47,9AM,69.33,0.951690545836164,False,False,False,32.379999999999995,fixed_weights,0.25,0.35,0.2,0.2,32.9,1.5999999999999996,32.0,0.3999999999999986,False,-0.47,0.02,-0.49,33.0,33.0,2025-01,1,2025Q1,True,48.169054583616386,0.8999999999999986,0.6200000000000045,45-55c,40-50,75-100%,-1:+1F,YES_loss_near_model_or_adjacent
2025-01-24,KXHIGHNY-25JAN24-B33.5,<=nanF,wing_low,CORE,-42.0,NO,0.5800000000000001,9AM,74.33,0.0,True,False,True,32.379999999999995,fixed_weights,0.25,0.35,0.2,0.2,32.9,1.5999999999999996,32.0,0.3999999999999986,False,-0.5800000000000001,0.02,-0.6000000000000001,33.0,33.0,2025-01,1,2025Q1,True,42.0,0.8999999999999986,0.6200000000000045,55-65c,40-50,0-0.5%,-1:+1F,NO_loss_cold_lower_tail_hit
2025-01-24,KXHIGHNY-25JAN24-B33.5,<=nanF,wing_low,DEEP_TAIL_NO,-42.0,NO,0.6000000000000001,9AM,84.33,0.0,True,False,True,32.379999999999995,fixed_weights,0.25,0.35,0.2,0.2,32.9,1.5999999999999996,32.0,0.3999999999999986,False,-0.6000000000000001,0.02,-0.6200000000000001,33.0,33.0,2025-01,1,2025Q1,True,42.0,0.8999999999999986,0.6200000000000045,55-65c,40-50,0-0.5%,-1:+1F,NO_loss_cold_lower_tail_hit
2025-01-25,KXHIGHNY-25JAN25-B30.5,30-31F,central,CORE,58.645178781713625,YES,0.28,9AM,84.67,0.8664517878171363,False,False,False,30.549999999999997,fixed_weights,0.25,0.35,0.2,0.2,30.5,1.5,31.0,0.1000000000000014,False,-0.28,0.02,-0.3,33.0,33.0,2025-01,1,2025Q1,True,58.645178781713625,0.5,2.450000000000003,25-35c,50+,75-100%,+1:+3F,YES_loss_actual_hotter_than_model
2025-01-25,KXHIGHNY-25JAN25-B32.5,<=nanF,wing_low,CORE,-54.0,NO,0.4599999999999999,9AM,79.67,0.0,True,False,True,30.549999999999997,fixed_weights,0.25,0.35,0.2,0.2,30.5,1.5,31.0,0.1000000000000014,False,-0.4599999999999999,0.02,-0.48,33.0,33.0,2025-01,1,2025Q1,True,54.0,0.5,2.450000000000003,45-55c,50+,0-0.5%,+1:+3F,NO_loss_cold_lower_tail_hit
2025-01-25,KXHIGHNY-25JAN25-B32.5,<=nanF,wing_low,DEEP_TAIL_NO,-54.0,NO,0.48,9AM,79.67,0.0,True,False,True,30.549999999999997,fixed_weights,0.25,0.35,0.2,0.2,30.5,1.5,31.0,0.1000000000000014,False,-0.48,0.02,-0.5,33.0,33.0,2025-01,1,2025Q1,True,54.0,0.5,2.450000000000003,45-55c,50+,0-0.5%,+1:+3F,NO_loss_cold_lower_tail_hit
2025-01-26,KXHIGHNY-25JAN26-B41.5,41-42F,central,CORE,22.65441819413966,YES,0.54,9AM,42.54,0.7665441819413966,False,False,False,41.28,fixed_weights,0.25,0.35,0.2,0.2,42.0,1.3999999999999986,40.55,0.0500000000000007,False,-0.54,0.02,-0.56,43.0,43.0,2025-01,1,2025Q1,True,22.65441819413966,1.4500000000000028,1.7199999999999989,45-55c,20-25,75-100%,+1:+3F,YES_loss_near_model_or_adjacent
2025-01-26,KXHIGHNY-25JAN26-T42,<=nanF,wing_low,DEEP_TAIL_NO,-20.0,NO,0.82,9AM,54.0,0.0,True,False,True,41.28,fixed_weights,0.25,0.35,0.2,0.2,42.0,1.3999999999999986,40.55,0.0500000000000007,False,-0.82,0.02,-0.84,43.0,43.0,2025-01,1,2025Q1,True,20.0,1.4500000000000028,1.7199999999999989,>75c,15-20,0-0.5%,+1:+3F,NO_loss_cold_lower_tail_hit
2025-01-27,KXHIGHNY-25JAN27-B40.5,<=nanF,wing_low,DEEP_TAIL_NO,-44.0,NO,0.5800000000000001,9AM,47.33,0.0,True,False,True,37.779999999999994,fixed_weights,0.25,0.35,0.2,0.2,39.3,2.0,36.0,3.299999999999997,False,-0.5800000000000001,0.02,-0.6000000000000001,40.0,40.0,2025-01,1,2025Q1,True,44.0,3.299999999999997,2.220000000000006,55-65c,40-50,0-0.5%,+1:+3F,NO_loss_cold_lower_tail_hit
2025-01-28,KXHIGHNY-25JAN28-T38,<=nanF,wing_low,DEEP_TAIL_NO,-75.0,NO,0.27,9AM,61.17,0.0,True,False,True,38.895,fixed_weights,0.25,0.35,0.2,0.2,40.95,1.9499999999999993,36.3,2.1999999999999993,False,-0.27,0.02,-0.29,42.0,42.0,2025-01,1,2025Q1,True,75.0,4.650000000000006,3.104999999999997,25-35c,50+,0-0.5%,+3:+5F,NO_loss_cold_lower_tail_hit
2025-01-29,KXHIGHNY-25JAN29-T48,<=nanF,wing_low,DEEP_TAIL_NO,-73.0,NO,0.29,9AM,66.17,0.0,True,False,True,49.33,fixed_weights,0.25,0.35,0.2,0.2,50.8,1.3000000000000007,47.45,1.349999999999998,False,-0.29,0.02,-0.31,52.0,52.0,2025-01,1,2025Q1,True,73.0,3.3499999999999943,2.6700000000000017,25-35c,50+,0-0.5%,+1:+3F,NO_loss_cold_lower_tail_hit
2025-01-30,KXHIGHNY-25JAN30-B38.5,<=nanF,wing_low,CORE,-44.0,NO,0.56,9AM,66.67,0.0,True,False,True,34.45,fixed_weights,0.25,0.35,0.2,0.2,35.1,1.5,33.85,1.75,False,-0.56,0.02,-0.5800000000000001,38.0,38.0,2025-01,1,2025Q1,True,44.0,1.25,3.549999999999997,55-65c,40-50,0-0.5%,+3:+5F,NO_loss_cold_lower_tail_hit
2025-01-30,KXHIGHNY-25JAN30-B38.5,<=nanF,wing_low,DEEP_TAIL_NO,-44.0,NO,0.5800000000000001,9AM,66.67,0.0,True,False,True,34.45,fixed_weights,0.25,0.35,0.2,0.2,35.1,1.5,33.85,1.75,False,-0.5800000000000001,0.02,-0.6000000000000001,38.0,38.0,2025-01,1,2025Q1,True,44.0,1.25,3.549999999999997,55-65c,40-50,0-0.5%,+3:+5F,NO_loss_cold_lower_tail_hit
2025-01-31,KXHIGHNY-25JAN31-T44,<=nanF,wing_low,DEEP_TAIL_NO,-78.0,NO,0.24,9AM,90.33,0.0,True,False,True,43.895,fixed_weights,0.25,0.35,0.2,0.2,44.05,1.349999999999998,44.0,1.3999999999999986,False,-0.24,0.02,-0.26,48.0,48.0,2025-01,1,2025Q1,True,78.0,0.04999999999999716,4.104999999999997,<25c,50+,0-0.5%,+3:+5F,NO_loss_cold_lower_tail_hit
2025-02-01,KXHIGHNY-25FEB01-B47.5,<=nanF,wing_low,DEEP_TAIL_NO,-98.0,NO,0.04,9AM,84.67,0.0,True,False,True,44.125,fixed_weights,0.25,0.35,0.2,0.2,44.55,1.849999999999998,43.95,0.9499999999999992,False,-0.04,0.01,-0.05,48.0,48.0,2025-02,2,2025Q1,True,98.0,0.5999999999999943,3.875,<25c,50+,0-0.5%,+3:+5F,NO_loss_cold_lower_tail_hit
2025-02-03,KXHIGHNY-25FEB03-B48.5,<=nanF,wing_low,DEEP_TAIL_NO,-8.0,NO,0.94,9AM,33.33,0.0,True,False,True,43.650000000000006,fixed_weights,0.25,0.35,0.2,0.2,44.5,2.700000000000003,43.05,0.9499999999999992,False,-0.94,0.01,-0.95,49.0,49.0,2025-02,2,2025Q1,True,8.0,1.4500000000000028,5.349999999999994,>75c,0-15,0-0.5%,+5:+8F,NO_loss_cold_lower_tail_hit
2025-02-04,KXHIGHNY-25FEB04-B46.5,<=nanF,wing_low,DEEP_TAIL_NO,-22.0,NO,0.8,9AM,50.33,0.0,True,False,True,44.06,fixed_weights,0.25,0.35,0.2,0.2,44.9,1.3999999999999986,43.150000000000006,1.0500000000000007,False,-0.8,0.02,-0.8200000000000001,47.0,47.0,2025-02,2,2025Q1,True,22.0,1.749999999999993,2.9399999999999977,>75c,20-25,0-0.5%,+1:+3F,NO_loss_cold_lower_tail_hit
2025-02-05,KXHIGHNY-25FEB05-B33.5,33-34F,central,CORE,70.16905458361636,YES,0.25,9AM,66.0,0.9516905458361636,False,False,False,34.38,fixed_weights,0.25,0.35,0.2,0.2,35.3,0.8000000000000007,33.2,1.599999999999998,False,-0.25,0.02,-0.27,36.0,36.0,2025-02,2,2025Q1,True,70.16905458361636,2.0999999999999943,1.6199999999999974,<25c,50+,75-100%,+1:+3F,YES_loss_near_model_or_adjacent
2025-02-05,KXHIGHNY-25FEB05-B35.5,<=nanF,wing_low,CORE,-46.0,NO,0.54,9AM,61.0,0.0,True,False,True,34.38,fixed_weights,0.25,0.35,0.2,0.2,35.3,0.8000000000000007,33.2,1.599999999999998,False,-0.54,0.02,-0.56,36.0,36.0,2025-02,2,2025Q1,True,46.0,2.0999999999999943,1.6199999999999974,45-55c,40-50,0-0.5%,+1:+3F,NO_loss_cold_lower_tail_hit
2025-02-05,KXHIGHNY-25FEB05-B35.5,<=nanF,wing_low,DEEP_TAIL_NO,-46.0,NO,0.56,9AM,61.0,0.0,True,False,True,34.38,fixed_weights,0.25,0.35,0.2,0.2,35.3,0.8000000000000007,33.2,1.599999999999998,False,-0.56,0.02,-0.5800000000000001,36.0,36.0,2025-02,2,2025Q1,True,46.0,2.0999999999999943,1.6199999999999974,55-65c,40-50,0-0.5%,+1:+3F,NO_loss_cold_lower_tail_hit
2025-02-06,KXHIGHNY-25FEB06-B37.5,<=nanF,wing_low,DEEP_TAIL_NO,-6.0,NO,0.96,9AM,54.0,0.0,True,False,True,37.555,fixed_weights,0.25,0.35,0.2,0.2,37.55,0.1500000000000021,37.6,1.5,False,-0.96,0.01,-0.97,38.0,38.0,2025-02,2,2025Q1,True,6.0,0.05000000000000426,0.4450000000000003,>75c,0-15,0-0.5%,-1:+1F,NO_loss_cold_lower_tail_hit
2025-02-06,KXHIGHNY-25FEB06-B39.5,39-40F,central,CORE,26.388805257485217,YES,0.27,9AM,70.85,0.5338880525748522,False,False,False,37.555,fixed_weights,0.25,0.35,0.2,0.2,37.55,0.1500000000000021,37.6,1.5,False,-0.27,0.02,-0.29,38.0,38.0,2025-02,2,2025Q1,True,26.388805257485217,0.05000000000000426,0.4450000000000003,25-35c,25-30,50-75%,-1:+1F,YES_loss_near_model_or_adjacent
2025-02-07,KXHIGHNY-25FEB07-B40.5,40-41F,central,CORE,56.91329442489839,YES,0.26,9AM,73.33,0.8291329442489839,False,False,False,40.44499999999999,fixed_weights,0.25,0.35,0.2,0.2,41.25,0.4500000000000028,39.35,0.3500000000000014,False,-0.26,0.02,-0.28,43.0,43.0,2025-02,2,2025Q1,True,56.91329442489839,1.8999999999999986,2.555000000000007,25-35c,50+,75-100%,+1:+3F,YES_loss_actual_hotter_than_model
2025-02-07,KXHIGHNY-25FEB07-B42.5,<=nanF,wing_low,DEEP_TAIL_NO,-95.0,NO,0.07,9AM,78.33,0.0,True,False,True,40.44499999999999,fixed_weights,0.25,0.35,0.2,0.2,41.25,0.4500000000000028,39.35,0.3500000000000014,False,-0.07,0.01,-0.08,43.0,43.0,2025-02,2,2025Q1,True,95.0,1.8999999999999986,2.555000000000007,<25c,50+,0-0.5%,+1:+3F,NO_loss_cold_lower_tail_hit
2025-02-08,KXHIGHNY-25FEB08-B34.5,<=nanF,wing_low,CORE,-25.0,NO,0.75,9AM,72.33,0.0,True,False,True,34.045,fixed_weights,0.25,0.35,0.2,0.2,34.05,0.8499999999999979,34.25,0.8500000000000014,False,-0.75,0.02,-0.77,35.0,35.0,2025-02,2,2025Q1,True,25.0,0.20000000000000284,0.9549999999999983,65-75c,20-25,0-0.5%,-1:+1F,NO_loss_cold_lower_tail_hit
2025-02-08,KXHIGHNY-25FEB08-B34.5,<=nanF,wing_low,DEEP_TAIL_NO,-25.0,NO,0.77,9AM,72.33,0.0,True,False,True,34.045,fixed_weights,0.25,0.35,0.2,0.2,34.05,0.8499999999999979,34.25,0.8500000000000014,False,-0.77,0.02,-0.79,35.0,35.0,2025-02,2,2025Q1,True,25.0,0.20000000000000284,0.9549999999999983,>75c,20-25,0-0.5%,-1:+1F,NO_loss_cold_lower_tail_hit
2025-02-09,KXHIGHNY-25FEB09-B35.5,<=nanF,wing_low,DEEP_TAIL_NO,-7.000000000000001,NO,0.95,9AM,39.0,0.0,True,False,True,34.345,fixed_weights,0.25,0.35,0.2,0.2,33.75,0.4500000000000028,35.349999999999994,1.0500000000000007,False,-0.95,0.01,-0.96,36.0,36.0,2025-02,2,2025Q1,True,7.000000000000001,1.5999999999999943,1.6550000000000011,>75c,0-15,0-0.5%,+1:+3F,NO_loss_cold_lower_tail_hit
2025-02-10,KXHIGHNY-25FEB10-B35.5,35-36F,central,CORE,28.50900622463599,YES,0.48,9AM,59.68,0.7650900622463599,False,False,False,35.665,fixed_weights,0.25,0.35,0.2,0.2,35.95,1.650000000000002,35.650000000000006,0.4499999999999993,False,-0.48,0.02,-0.5,37.0,37.0,2025-02,2,2025Q1,True,28.50900622463599,0.29999999999999716,1.3350000000000009,45-55c,25-30,75-100%,+1:+3F,YES_loss_near_model_or_adjacent
2025-02-12,KXHIGHNY-25FEB12-B34.5,34-35F,central,CORE,29.6185157279546,YES,0.25,9AM,66.82,0.546185157279546,False,False,False,33.9,fixed_weights,0.25,0.35,0.2,0.2,33.7,1.0,34.45,1.0500000000000007,False,-0.25,0.02,-0.27,36.0,36.0,2025-02,2,2025Q1,True,29.6185157279546,0.75,2.1000000000000014,<25c,25-30,50-75%,+1:+3F,YES_loss_actual_hotter_than_model
2025-02-12,KXHIGHNY-25FEB12-B36.5,36-37F,central,CORE,-44.308794522020776,NO,0.5,9AM,70.67,0.0569120547797922,True,True,False,33.9,fixed_weights,0.25,0.35,0.2,0.2,33.7,1.0,34.45,1.0500000000000007,False,-0.5,0.02,-0.52,36.0,36.0,2025-02,2,2025Q1,True,44.308794522020776,0.75,2.1000000000000014,45-55c,40-50,5-10%,+1:+3F,NO_loss_actual_hotter_than_model
2025-02-21,KXHIGHNY-25FEB21-T34,>34F,wing_high,CORE,-28.358223156646066,NO,0.5900000000000001,9AM,60.81,0.1264177684335393,True,True,False,33.465,fixed_weights,0.25,0.35,0.2,0.2,33.849999999999994,1.0500000000000007,33.150000000000006,0.9499999999999992,False,-0.5900000000000001,0.02,-0.6100000000000001,35.0,36.0,2025-02,2,2025Q1,True,28.358223156646066,0.6999999999999886,2.5349999999999966,55-65c,25-30,10-25%,+1:+3F,NO_loss_hot_upper_tail_hit
2025-03-06,KXHIGHNY-25MAR06-B52.5,52-53F,central,CORE,22.086267517822645,YES,0.35,9AM,55.45,0.5708626751782264,False,False,False,53.52,fixed_weights,0.25,0.35,0.2,0.2,53.8,0.5999999999999979,52.95,1.5500000000000007,False,-0.35,0.02,-0.37,55.0,55.0,2025-03,3,2025Q1,True,22.086267517822645,0.8499999999999943,1.4799999999999969,25-35c,20-25,50-75%,+1:+3F,YES_loss_near_model_or_adjacent
2025-03-07,KXHIGHNY-25MAR07-B47.5,47-48F,central,CORE,25.286552015735,YES,0.39,9AM,54.72,0.64286552015735,False,False,False,48.34,fixed_weights,0.25,0.35,0.2,0.2,49.1,1.6000000000000014,47.6,0.1000000000000014,False,-0.39,0.02,-0.41,50.0,50.0,2025-03,3,2025Q1,True,25.286552015735,1.5,1.6599999999999966,35-45c,25-30,50-75%,+1:+3F,YES_loss_near_model_or_adjacent
2025-03-07,KXHIGHNY-25MAR07-B49.5,49-50F,central,CORE,-28.35912408406881,NO,0.39,9AM,58.81,0.3264087591593119,True,True,False,48.34,fixed_weights,0.25,0.35,0.2,0.2,49.1,1.6000000000000014,47.6,0.1000000000000014,False,-0.39,0.02,-0.41,50.0,50.0,2025-03,3,2025Q1,True,28.35912408406881,1.5,1.6599999999999966,35-45c,25-30,25-50%,+1:+3F,NO_loss_bracket_hit
2025-03-09,KXHIGHNY-25MAR09-B51.5,51-52F,central,CORE,27.12626475345764,YES,0.49,9AM,44.5,0.7612626475345764,False,False,False,51.615,fixed_weights,0.25,0.35,0.2,0.2,52.45,1.75,50.8,0.3000000000000007,False,-0.49,0.02,-0.51,53.0,53.0,2025-03,3,2025Q1,True,27.12626475345764,1.6500000000000057,1.384999999999998,45-55c,25-30,75-100%,+1:+3F,YES_loss_near_model_or_adjacent
2025-03-10,KXHIGHNY-25MAR10-B61.5,61-62F,central,CORE,25.603597572347734,YES,0.25,9AM,42.47,0.5060359757234774,False,False,False,62.66499999999999,fixed_weights,0.25,0.35,0.2,0.2,63.75,2.450000000000003,61.65,1.25,False,-0.25,0.02,-0.27,66.0,66.0,2025-03,3,2025Q1,True,25.603597572347734,2.1000000000000014,3.335000000000008,<25c,25-30,50-75%,+3:+5F,YES_loss_actual_hotter_than_model
2025-03-10,KXHIGHNY-25MAR10-B65.5,65-66F,central,CORE,-21.815916614681175,NO,0.74,9AM,37.42,0.0418408338531882,True,True,False,62.66499999999999,fixed_weights,0.25,0.35,0.2,0.2,63.75,2.450000000000003,61.65,1.25,False,-0.74,0.02,-0.76,66.0,66.0,2025-03,3,2025Q1,True,21.815916614681175,2.1000000000000014,3.335000000000008,65-75c,20-25,2-5%,+3:+5F,NO_loss_actual_hotter_than_model
2025-03-14,KXHIGHNY-25MAR14-B54.5,54-55F,central,CORE,23.706757628163594,YES,0.34,9AM,65.61,0.577067576281636,False,False,False,53.97500000000001,fixed_weights,0.25,0.35,0.2,0.2,54.150000000000006,0.9499999999999992,53.95,0.75,False,-0.34,0.02,-0.36,57.0,57.0,2025-03,3,2025Q1,True,23.706757628163594,0.20000000000000284,3.0249999999999915,25-35c,20-25,50-75%,+3:+5F,YES_loss_actual_hotter_than_model
2025-03-14,KXHIGHNY-25MAR14-B56.5,56-57F,central,CORE,-40.72577834995453,NO,0.53,9AM,77.33,0.0627422165004547,True,True,False,53.97500000000001,fixed_weights,0.25,0.35,0.2,0.2,54.150000000000006,0.9499999999999992,53.95,0.75,False,-0.53,0.02,-0.55,57.0,57.0,2025-03,3,2025Q1,True,40.72577834995453,0.20000000000000284,3.0249999999999915,45-55c,40-50,5-10%,+3:+5F,NO_loss_actual_hotter_than_model
2025-03-17,KXHIGHNY-25MAR17-B59.5,59-60F,central,CORE,-49.01931859352121,NO,0.25,9AM,86.0,0.2598068140647879,True,True,False,58.13,fixed_weights,0.25,0.35,0.2,0.2,57.9,0.5,58.35,0.8500000000000014,False,-0.25,0.02,-0.27,59.0,59.0,2025-03,3,2025Q1,True,49.01931859352121,0.45000000000000284,0.8699999999999974,<25c,40-50,25-50%,-1:+1F,NO_loss_bracket_hit
2025-03-18,KXHIGHNY-25MAR18-B58.5,58-59F,central,CORE,40.70441462159064,YES,0.36,9AM,65.67,0.7670441462159063,False,False,False,58.755,fixed_weights,0.25,0.35,0.2,0.2,59.85,1.75,57.55,0.1500000000000021,False,-0.36,0.02,-0.38,61.0,61.0,2025-03,3,2025Q1,True,40.70441462159064,2.3000000000000043,2.2449999999999974,35-45c,40-50,75-100%,+1:+3F,YES_loss_actual_hotter_than_model
2025-03-18,KXHIGHNY-25MAR18-B60.5,60-61F,central,CORE,-22.23043530592551,NO,0.61,9AM,41.97,0.1676956469407449,True,True,False,58.755,fixed_weights,0.25,0.35,0.2,0.2,59.85,1.75,57.55,0.1500000000000021,False,-0.61,0.02,-0.63,61.0,61.0,2025-03,3,2025Q1,True,22.23043530592551,2.3000000000000043,2.2449999999999974,55-65c,20-25,10-25%,+1:+3F,NO_loss_actual_hotter_than_model
2025-03-19,KXHIGHNY-25MAR19-B60.5,60-61F,central,CORE,30.91909997959939,YES,0.45,9AM,60.89,0.7591909997959939,False,False,False,60.595,fixed_weights,0.25,0.35,0.2,0.2,60.95,2.150000000000002,60.6,0.3999999999999986,False,-0.45,0.02,-0.47,63.0,63.0,2025-03,3,2025Q1,True,30.91909997959939,0.3500000000000014,2.405000000000001,35-45c,30-35,75-100%,+1:+3F,YES_loss_actual_hotter_than_model
2025-03-19,KXHIGHNY-25MAR19-B62.5,62-63F,central,CORE,-31.207704920443863,NO,0.55,9AM,61.28,0.1379229507955613,True,True,False,60.595,fixed_weights,0.25,0.35,0.2,0.2,60.95,2.150000000000002,60.6,0.3999999999999986,False,-0.55,0.02,-0.5700000000000001,63.0,63.0,2025-03,3,2025Q1,True,31.207704920443863,0.3500000000000014,2.405000000000001,45-55c,30-35,10-25%,+1:+3F,NO_loss_actual_hotter_than_model
2025-03-21,KXHIGHNY-25MAR21-B51.5,51-52F,central,CORE,-25.58662046352011,NO,0.54,9AM,58.45,0.2041337953647989,True,True,False,49.92,fixed_weights,0.25,0.35,0.2,0.2,49.9,1.0,50.2,0.3000000000000007,False,-0.54,0.02,-0.56,51.0,51.0,2025-03,3,2025Q1,True,25.58662046352011,0.30000000000000426,1.0799999999999983,45-55c,25-30,10-25%,+1:+3F,NO_loss_bracket_hit
2025-03-26,KXHIGHNY-25MAR26-B52.5,52-53F,central,CORE,-30.491259097866717,NO,0.64,9AM,48.32,0.0550874090213328,True,True,False,49.875,fixed_weights,0.25,0.35,0.2,0.2,49.25,2.3500000000000014,51.4,1.3999999999999986,False,-0.64,0.02,-0.66,53.0,53.0,2025-03,3,2025Q1,True,30.491259097866717,2.1499999999999986,3.125,55-65c,30-35,5-10%,+3:+5F,NO_loss_actual_hotter_than_model
2025-03-27,KXHIGHNY-25MAR27-B50.5,50-51F,central,CORE,33.388054110180086,YES,0.4,9AM,68.52,0.7338805411018009,False,False,False,51.035,fixed_weights,0.25,0.35,0.2,0.2,51.25,1.3500000000000014,51.05,0.3499999999999978,False,-0.4,0.02,-0.42,53.0,53.0,2025-03,3,2025Q1,True,33.388054110180086,0.20000000000000284,1.9650000000000034,35-45c,30-35,50-75%,+1:+3F,YES_loss_near_model_or_adjacent
2025-03-28,KXHIGHNY-25MAR28-B61.5,61-62F,central,CORE,42.716039716339345,YES,0.34,9AM,90.0,0.7671603971633935,False,False,False,61.735,fixed_weights,0.25,0.35,0.2,0.2,61.85,1.3500000000000014,61.9,0.0,False,-0.34,0.02,-0.36,63.0,63.0,2025-03,3,2025Q1,True,42.716039716339345,0.04999999999999716,1.2650000000000006,25-35c,40-50,75-100%,+1:+3F,YES_loss_near_model_or_adjacent
2025-03-28,KXHIGHNY-25MAR28-B63.5,63-64F,central,CORE,-26.6312913107381,NO,0.5700000000000001,9AM,62.18,0.163687086892619,True,True,False,61.735,fixed_weights,0.25,0.35,0.2,0.2,61.85,1.3500000000000014,61.9,0.0,False,-0.5700000000000001,0.02,-0.5900000000000001,63.0,63.0,2025-03,3,2025Q1,True,26.6312913107381,0.04999999999999716,1.2650000000000006,55-65c,25-30,10-25%,+1:+3F,NO_loss_bracket_hit
2025-04-01,KXHIGHNY-25APR01-B57.5,57-58F,central,CORE,-23.441757411989165,NO,0.42,9AM,45.59,0.3455824258801083,True,True,False,58.995000000000005,fixed_weights,0.25,0.35,0.2,0.2,58.35,1.25,59.650000000000006,0.0500000000000007,False,-0.42,0.02,-0.44,58.0,58.0,2025-04,4,2025Q2,True,23.441757411989165,1.3000000000000043,-0.9950000000000045,35-45c,20-25,25-50%,-1:+1F,NO_loss_bracket_hit
2025-04-01,KXHIGHNY-25APR01-B59.5,59-60F,central,CORE,21.51945720474012,YES,0.37,9AM,53.03,0.5851945720474012,False,False,False,58.995000000000005,fixed_weights,0.25,0.35,0.2,0.2,58.35,1.25,59.650000000000006,0.0500000000000007,False,-0.37,0.02,-0.39,58.0,58.0,2025-04,4,2025Q2,True,21.51945720474012,1.3000000000000043,-0.9950000000000045,35-45c,20-25,50-75%,-1:+1F,YES_loss_near_model_or_adjacent
2025-04-02,KXHIGHNY-25APR02-B48.5,48-49F,central,CORE,-31.717317508461385,NO,0.51,9AM,64.96,0.1728268249153861,True,True,False,46.78,fixed_weights,0.25,0.35,0.2,0.2,46.9,1.6000000000000014,47.0,0.7999999999999972,False,-0.51,0.02,-0.53,49.0,49.0,2025-04,4,2025Q2,True,31.717317508461385,0.10000000000000142,2.219999999999999,45-55c,30-35,10-25%,+1:+3F,NO_loss_actual_hotter_than_model
2025-04-03,KXHIGHNY-25APR03-B70.5,70-71F,central,CORE,28.41259741284221,YES,0.4,9AM,52.88,0.6841259741284221,False,False,False,71.22,fixed_weights,0.25,0.35,0.2,0.2,71.5,1.0,70.55000000000001,1.1499999999999986,False,-0.4,0.02,-0.42,73.0,73.0,2025-04,4,2025Q2,True,28.41259741284221,0.9499999999999886,1.7800000000000011,35-45c,25-30,50-75%,+1:+3F,YES_loss_near_model_or_adjacent
2025-04-09,KXHIGHNY-25APR09-B47.5,47-48F,central,CORE,47.477468776831536,YES,0.27,9AM,89.67,0.7447746877683153,False,False,False,47.98,fixed_weights,0.25,0.35,0.2,0.2,48.1,1.0,48.05,0.4499999999999993,False,-0.27,0.02,-0.29,49.0,49.0,2025-04,4,2025Q2,True,47.477468776831536,0.05000000000000426,1.0200000000000031,25-35c,40-50,50-75%,+1:+3F,YES_loss_near_model_or_adjacent
2025-04-09,KXHIGHNY-25APR09-B49.5,49-50F,central,CORE,-24.10559913053511,NO,0.54,9AM,58.47,0.2189440086946489,True,True,False,47.98,fixed_weights,0.25,0.35,0.2,0.2,48.1,1.0,48.05,0.4499999999999993,False,-0.54,0.02,-0.56,49.0,49.0,2025-04,4,2025Q2,True,24.10559913053511,0.05000000000000426,1.0200000000000031,45-55c,20-25,10-25%,+1:+3F,NO_loss_bracket_hit
2025-04-12,KXHIGHNY-25APR12-B41.5,41-42F,central,CORE,30.479493138947785,YES,0.46,9AM,53.64,0.7647949313894779,False,False,False,41.66,fixed_weights,0.25,0.35,0.2,0.2,41.0,0.2000000000000028,42.7,0.3000000000000007,False,-0.46,0.02,-0.48,40.0,40.0,2025-04,4,2025Q2,True,30.479493138947785,1.7000000000000028,-1.6599999999999966,45-55c,30-35,75-100%,-3:-1F,YES_loss_near_model_or_adjacent
2025-04-13,KXHIGHNY-25APR13-B55.5,55-56F,central,CORE,28.350689682668307,YES,0.27,9AM,68.47,0.5535068968266831,False,False,False,56.56,fixed_weights,0.25,0.35,0.2,0.2,56.9,0.6000000000000014,56.2,0.5999999999999979,False,-0.27,0.02,-0.29,58.0,58.0,2025-04,4,2025Q2,True,28.350689682668307,0.6999999999999957,1.4399999999999977,25-35c,25-30,50-75%,+1:+3F,YES_loss_near_model_or_adjacent
2025-04-14,KXHIGHNY-25APR14-B65.5,65-66F,central,CORE,-34.41263823322587,NO,0.54,9AM,67.88,0.1158736176677413,True,True,False,63.455000000000005,fixed_weights,0.25,0.35,0.2,0.2,63.75,2.349999999999998,63.6,0.1000000000000014,False,-0.54,0.02,-0.56,66.0,66.0,2025-04,4,2025Q2,True,34.41263823322587,0.14999999999999858,2.5449999999999946,45-55c,30-35,10-25%,+1:+3F,NO_loss_actual_hotter_than_model
2025-04-17,KXHIGHNY-25APR17-B60.5,60-61F,central,CORE,27.12255346881307,YES,0.26,9AM,64.16,0.5312255346881307,False,False,False,61.61,fixed_weights,0.25,0.35,0.2,0.2,62.1,1.5,61.25,0.0499999999999971,False,-0.26,0.02,-0.28,64.0,64.0,2025-04,4,2025Q2,True,27.12255346881307,0.8500000000000014,2.3900000000000006,25-35c,25-30,50-75%,+1:+3F,YES_loss_actual_hotter_than_model
2025-04-17,KXHIGHNY-25APR17-B64.5,64-65F,central,CORE,-21.108064669990245,NO,0.75,9AM,56.14,0.0389193533000975,True,True,False,61.61,fixed_weights,0.25,0.35,0.2,0.2,62.1,1.5,61.25,0.0499999999999971,False,-0.75,0.02,-0.77,64.0,64.0,2025-04,4,2025Q2,True,21.108064669990245,0.8500000000000014,2.3900000000000006,65-75c,20-25,2-5%,+1:+3F,NO_loss_actual_hotter_than_model
2025-04-24,KXHIGHNY-25APR24-B74.5,74-75F,central,CORE,23.589779364478012,YES,0.39,9AM,42.79,0.6258977936447802,False,False,False,75.385,fixed_weights,0.25,0.35,0.2,0.2,76.25,0.75,73.9,1.3000000000000045,False,-0.39,0.02,-0.41,77.0,77.0,2025-04,4,2025Q2,True,23.589779364478012,2.3499999999999943,1.6149999999999949,35-45c,20-25,50-75%,+1:+3F,YES_loss_near_model_or_adjacent
2025-04-25,KXHIGHNY-25APR25-B77.5,77-78F,central,CORE,-26.209283797807387,NO,0.7,9AM,48.61,0.0379071620219261,True,True,False,74.59,fixed_weights,0.25,0.35,0.2,0.2,75.5,0.5,73.35,1.4499999999999955,False,-0.7,0.02,-0.72,77.0,77.0,2025-04,4,2025Q2,True,26.209283797807387,2.1500000000000057,2.4099999999999966,65-75c,25-30,2-5%,+1:+3F,NO_loss_actual_hotter_than_model
2025-04-26,KXHIGHNY-25APR26-B73.5,73-74F,central,CORE,-29.134411988639048,NO,0.6599999999999999,9AM,58.85,0.0486558801136095,True,True,False,70.78,fixed_weights,0.25,0.35,0.2,0.2,71.6,0.3999999999999986,69.65,0.25,False,-0.6599999999999999,0.02,-0.6799999999999999,74.0,74.0,2025-04,4,2025Q2,True,29.134411988639048,1.9499999999999886,3.219999999999999,65-75c,25-30,2-5%,+3:+5F,NO_loss_actual_hotter_than_model
2025-05-01,KXHIGHNY-25MAY01-B68.5,68-69F,central,CORE,26.76860215186588,YES,0.41,9AM,51.02,0.6776860215186588,False,False,False,69.24,fixed_weights,0.25,0.35,0.2,0.2,69.8,0.7999999999999972,68.6,0.5,False,-0.41,0.02,-0.43,71.0,71.0,2025-05,5,2025Q2,True,26.76860215186588,1.2000000000000028,1.7600000000000051,35-45c,25-30,50-75%,+1:+3F,YES_loss_near_model_or_adjacent
2025-05-03,KXHIGHNY-25MAY03-B84.5,84-85F,central,CORE,-23.760548782942625,NO,0.72,9AM,45.35,0.0423945121705737,True,True,False,81.675,fixed_weights,0.25,0.35,0.2,0.2,82.65,1.1499999999999986,80.5,0.7999999999999972,False,-0.72,0.02,-0.74,85.0,85.0,2025-05,5,2025Q2,True,23.760548782942625,2.1500000000000057,3.325000000000003,65-75c,20-25,2-5%,+3:+5F,NO_loss_actual_hotter_than_model
2025-05-05,KXHIGHNY-25MAY05-B62.5,62-63F,central,CORE,30.25140915787073,YES,0.42,9AM,63.0,0.7225140915787073,False,False,False,62.395,fixed_weights,0.25,0.35,0.2,0.2,62.35,1.6499999999999986,62.05,0.1500000000000021,False,-0.42,0.02,-0.44,61.0,61.0,2025-05,5,2025Q2,True,30.25140915787073,0.30000000000000426,-1.3950000000000031,35-45c,30-35,50-75%,-3:-1F,YES_loss_near_model_or_adjacent
2025-05-24,KXHIGHNY-25MAY24-B62.5,62-63F,central,CORE,20.608720251240342,YES,0.56,9AM,46.81,0.7660872025124035,False,False,False,62.790000000000006,fixed_weights,0.25,0.35,0.2,0.2,63.2,1.3000000000000007,62.5,0.2999999999999971,False,-0.56,0.02,-0.5800000000000001,64.0,64.0,2025-05,5,2025Q2,True,20.608720251240342,0.7000000000000028,1.2099999999999937,55-65c,20-25,75-100%,+1:+3F,YES_loss_near_model_or_adjacent
2025-05-27,KXHIGHNY-25MAY27-B75.5,75-76F,central,CORE,30.261461025455645,YES,0.46,9AM,48.02,0.7626146102545565,False,False,False,75.63,fixed_weights,0.25,0.35,0.2,0.2,76.5,0.0999999999999943,74.3,0.5,False,-0.46,0.02,-0.48,74.0,74.0,2025-05,5,2025Q2,True,30.261461025455645,2.200000000000003,-1.6299999999999955,45-55c,30-35,75-100%,-3:-1F,YES_loss_near_model_or_adjacent
2025-05-30,KXHIGHNY-25MAY30-B73.5,73-74F,central,CORE,41.307450943362,YES,0.35,9AM,75.0,0.76307450943362,False,False,False,73.84,fixed_weights,0.25,0.35,0.2,0.2,74.6,0.6000000000000014,72.85,0.1499999999999985,False,-0.35,0.02,-0.37,75.0,75.0,2025-05,5,2025Q2,True,41.307450943362,1.75,1.1599999999999966,25-35c,40-50,75-100%,+1:+3F,YES_loss_near_model_or_adjacent
2025-05-30,KXHIGHNY-25MAY30-B75.5,75-76F,central,CORE,-25.42995169812449,NO,0.56,9AM,45.57,0.185700483018755,True,True,False,73.84,fixed_weights,0.25,0.35,0.2,0.2,74.6,0.6000000000000014,72.85,0.1499999999999985,False,-0.56,0.02,-0.5800000000000001,75.0,75.0,2025-05,5,2025Q2,True,25.42995169812449,1.75,1.1599999999999966,55-65c,25-30,10-25%,+1:+3F,NO_loss_bracket_hit
2025-06-02,KXHIGHNY-25JUN02-B72.5,72-73F,central,CORE,31.70381204446107,YES,0.43,9AM,52.27,0.7470381204446107,False,False,False,72.51,fixed_weights,0.25,0.35,0.2,0.2,73.30000000000001,0.8999999999999986,71.55000000000001,0.3500000000000014,False,-0.43,0.02,-0.45,71.0,66.0,2025-06,6,2025Q2,True,31.70381204446107,1.75,-6.510000000000005,35-45c,30-35,50-75%,-8:-5F,YES_loss_actual_colder_than_model
2025-06-05,KXHIGHNY-25JUN05-B86.5,86-87F,central,DEEP_TAIL_NO,-15.99996979506785,NO,0.86,9AM,33.5,3.0204932150368317e-07,True,True,False,89.96000000000001,fixed_weights,0.25,0.35,0.2,0.2,91.4,1.0,87.55000000000001,0.3500000000000014,False,-0.86,0.01,-0.87,87.0,87.0,2025-06,6,2025Q2,True,15.99996979506785,3.8499999999999943,-2.960000000000008,>75c,15-20,0-0.5%,-3:-1F,NO_loss_actual_colder_than_model
2025-06-07,KXHIGHNY-25JUN07-T77,<=77F,wing_low,CORE,-29.53231361262727,NO,0.28,9AM,57.71,0.4246768638737273,True,True,False,76.835,fixed_weights,0.25,0.35,0.2,0.2,77.35,1.8500000000000016,75.6,1.3999999999999986,False,-0.28,0.02,-0.3,76.0,76.0,2025-06,6,2025Q2,True,29.53231361262727,1.75,-0.8349999999999937,25-35c,25-30,25-50%,-1:+1F,NO_loss_cold_lower_tail_hit
2025-06-08,KXHIGHNY-25JUN08-B74.5,74-75F,central,CORE,27.568790283841672,YES,0.48,9AM,49.09,0.7556879028384167,False,False,False,74.91,fixed_weights,0.25,0.35,0.2,0.2,75.5,0.5,74.15,1.25,False,-0.48,0.02,-0.5,76.0,76.0,2025-06,6,2025Q2,True,27.568790283841672,1.3499999999999943,1.0900000000000034,45-55c,25-30,75-100%,+1:+3F,YES_loss_near_model_or_adjacent
2025-06-10,KXHIGHNY-25JUN10-B75.5,75-76F,central,CORE,34.6268751394528,YES,0.31,9AM,70.84,0.656268751394528,False,False,False,75.18,fixed_weights,0.25,0.35,0.2,0.2,75.4,0.6000000000000014,74.69999999999999,2.3999999999999986,False,-0.31,0.02,-0.33,73.0,73.0,2025-06,6,2025Q2,True,34.6268751394528,0.700000000000017,-2.180000000000007,25-35c,30-35,50-75%,-3:-1F,YES_loss_actual_colder_than_model
2025-06-11,KXHIGHNY-25JUN11-T82,<=82F,wing_low,DEEP_TAIL_NO,-10.970573438961868,NO,0.91,9AM,42.29,0.0002942656103813,True,True,False,83.50500000000001,fixed_weights,0.25,0.35,0.2,0.2,84.15,0.25,82.6,0.8000000000000043,False,-0.91,0.01,-0.92,81.0,81.0,2025-06,6,2025Q2,True,10.970573438961868,1.5500000000000114,-2.5050000000000097,>75c,0-15,0-0.5%,-3:-1F,NO_loss_cold_lower_tail_hit
2025-06-12,KXHIGHNY-25JUN12-B87.5,87-88F,central,DEEP_TAIL_NO,-29.822990024679193,NO,0.72,9AM,49.26,0.001770099753208,True,True,False,90.32,fixed_weights,0.25,0.35,0.2,0.2,91.6,1.0,88.15,1.1499999999999986,False,-0.72,0.02,-0.74,87.0,87.0,2025-06,6,2025Q2,True,29.822990024679193,3.4499999999999886,-3.319999999999993,65-75c,25-30,0-0.5%,-5:-3F,NO_loss_actual_colder_than_model
2025-06-13,KXHIGHNY-25JUN13-B78.5,78-79F,central,CORE,-26.736414710918528,NO,0.61,9AM,57.65,0.1226358528908147,True,True,False,80.5,fixed_weights,0.25,0.35,0.2,0.2,81.0,0.7999999999999972,79.55,0.75,False,-0.61,0.02,-0.63,78.0,78.0,2025-06,6,2025Q2,True,26.736414710918528,1.4500000000000028,-2.5,55-65c,25-30,10-25%,-3:-1F,NO_loss_actual_colder_than_model
2025-06-20,KXHIGHNY-25JUN20-B83.5,83-84F,central,CORE,28.783443790807855,YES,0.42,9AM,55.38,0.7078344379080785,False,False,False,83.34,fixed_weights,0.25,0.35,0.2,0.2,83.2,1.0,83.80000000000001,1.6000000000000014,False,-0.42,0.02,-0.44,82.0,82.0,2025-06,6,2025Q2,True,28.783443790807855,0.6000000000000085,-1.3400000000000034,35-45c,25-30,50-75%,-3:-1F,YES_loss_near_model_or_adjacent
2025-06-24,KXHIGHNY-25JUN24-B98.5,98-99F,central,DEEP_TAIL_NO,-33.620929637059625,NO,0.6799999999999999,9AM,56.16,0.0037907036294037,True,True,False,101.225,fixed_weights,0.25,0.35,0.2,0.2,102.65,0.5500000000000043,98.95,1.0499999999999972,False,-0.6799999999999999,0.02,-0.7,99.0,99.0,2025-06,6,2025Q2,True,33.620929637059625,3.700000000000003,-2.2249999999999943,65-75c,30-35,0-0.5%,-3:-1F,NO_loss_actual_colder_than_model
2025-06-28,KXHIGHNY-25JUN28-B82.5,82-83F,central,CORE,-34.90978345392738,NO,0.65,9AM,56.21,0.0009021654607261,True,True,False,85.39500000000001,fixed_weights,0.25,0.35,0.2,0.2,86.15,0.8500000000000014,84.05,2.450000000000003,False,-0.65,0.02,-0.67,83.0,83.0,2025-06,6,2025Q2,True,34.90978345392738,2.1000000000000085,-2.3950000000000102,55-65c,30-35,0-0.5%,-3:-1F,NO_loss_actual_colder_than_model
2025-06-28,KXHIGHNY-25JUN28-B82.5,82-83F,central,DEEP_TAIL_NO,-34.90978345392738,NO,0.67,9AM,56.21,0.0009021654607261,True,True,False,85.39500000000001,fixed_weights,0.25,0.35,0.2,0.2,86.15,0.8500000000000014,84.05,2.450000000000003,False,-0.67,0.02,-0.6900000000000001,83.0,83.0,2025-06,6,2025Q2,True,34.90978345392738,2.1000000000000085,-2.3950000000000102,65-75c,30-35,0-0.5%,-3:-1F,NO_loss_actual_colder_than_model
2025-07-03,KXHIGHNY-25JUL03-B87.5,87-88F,central,CORE,-23.30860247013528,NO,0.63,9AM,39.08,0.1369139752986471,True,True,False,89.46000000000001,fixed_weights,0.25,0.35,0.2,0.2,90.6,1.6000000000000014,88.15,1.1499999999999986,False,-0.63,0.02,-0.65,88.0,88.0,2025-07,7,2025Q3,True,23.30860247013528,2.4499999999999886,-1.460000000000008,55-65c,20-25,10-25%,-3:-1F,NO_loss_bracket_hit
2025-07-03,KXHIGHNY-25JUL03-B89.5,89-90F,central,CORE,29.746154320613343,YES,0.44,9AM,37.66,0.7374615432061334,False,False,False,89.46000000000001,fixed_weights,0.25,0.35,0.2,0.2,90.6,1.6000000000000014,88.15,1.1499999999999986,False,-0.44,0.02,-0.46,88.0,88.0,2025-07,7,2025Q3,True,29.746154320613343,2.4499999999999886,-1.460000000000008,35-45c,25-30,50-75%,-3:-1F,YES_loss_near_model_or_adjacent
2025-07-06,KXHIGHNY-25JUL06-B86.5,86-87F,central,DEEP_TAIL_NO,-23.968921856134113,NO,0.78,9AM,45.96,0.0003107814386588,True,True,False,89.5,fixed_weights,0.25,0.35,0.2,0.2,90.8,0.2000000000000028,87.5,0.5999999999999943,False,-0.78,0.02,-0.8,87.0,87.0,2025-07,7,2025Q3,True,23.968921856134113,3.299999999999997,-2.5,>75c,20-25,0-0.5%,-3:-1F,NO_loss_actual_colder_than_model
2025-07-12,KXHIGHNY-25JUL12-B84.5,84-85F,central,CORE,20.309523127999142,YES,0.41,9AM,40.41,0.6130952312799914,False,False,False,84.06499999999998,fixed_weights,0.25,0.35,0.2,0.2,84.65,1.0500000000000045,83.44999999999999,0.8500000000000014,False,-0.41,0.02,-0.43,83.0,83.0,2025-07,7,2025Q3,True,20.309523127999142,1.200000000000017,-1.0649999999999835,35-45c,20-25,50-75%,-3:-1F,YES_loss_near_model_or_adjacent
2025-07-15,KXHIGHNY-25JUL15-B84.5,84-85F,central,CORE,26.660694223196735,YES,0.5,9AM,47.88,0.7666069422319673,False,False,False,84.7,fixed_weights,0.25,0.35,0.2,0.2,85.2,1.2000000000000028,84.25,1.75,False,-0.5,0.02,-0.52,86.0,86.0,2025-07,7,2025Q3,True,26.660694223196735,0.9500000000000028,1.2999999999999972,45-55c,25-30,75-100%,+1:+3F,YES_loss_near_model_or_adjacent
2025-07-15,KXHIGHNY-25JUL15-B86.5,86-87F,central,CORE,-22.312550649488728,NO,0.62,9AM,52.08,0.1568744935051127,True,True,False,84.7,fixed_weights,0.25,0.35,0.2,0.2,85.2,1.2000000000000028,84.25,1.75,False,-0.62,0.02,-0.64,86.0,86.0,2025-07,7,2025Q3,True,22.312550649488728,0.9500000000000028,1.2999999999999972,55-65c,20-25,10-25%,+1:+3F,NO_loss_bracket_hit
2025-07-16,KXHIGHNY-25JUL16-B88.5,88-89F,central,CORE,22.12626475345757,YES,0.54,9AM,32.17,0.7612626475345757,False,False,False,88.615,fixed_weights,0.25,0.35,0.2,0.2,89.65,1.9499999999999955,87.55,0.4500000000000028,False,-0.54,0.02,-0.56,87.0,87.0,2025-07,7,2025Q3,True,22.12626475345757,2.1000000000000085,-1.6149999999999949,45-55c,20-25,75-100%,-3:-1F,YES_loss_near_model_or_adjacent
2025-07-17,KXHIGHNY-25JUL17-B91.5,91-92F,central,CORE,23.125363854125435,YES,0.49,9AM,45.5,0.7212536385412543,False,False,False,91.39,fixed_weights,0.25,0.35,0.2,0.2,91.8,1.2999999999999972,91.1,1.6999999999999955,False,-0.49,0.02,-0.51,90.0,90.0,2025-07,7,2025Q3,True,23.125363854125435,0.7000000000000028,-1.3900000000000006,45-55c,20-25,50-75%,-3:-1F,YES_loss_near_model_or_adjacent
2025-07-18,KXHIGHNY-25JUL18-B81.5,81-82F,central,DEEP_TAIL_NO,-16.959386997220083,NO,0.85,9AM,45.28,0.0004061300277991,True,True,False,84.475,fixed_weights,0.25,0.35,0.2,0.2,85.05,0.75,83.8,1.2000000000000028,False,-0.85,0.01,-0.86,82.0,82.0,2025-07,7,2025Q3,True,16.959386997220083,1.25,-2.4749999999999943,>75c,15-20,0-0.5%,-3:-1F,NO_loss_actual_colder_than_model
2025-08-19,KXHIGHNY-25AUG19-B77.5,77-78F,central,CORE,-20.53187322209471,NO,0.63,9AM,50.38,0.1646812677790529,True,True,False,75.74000000000001,fixed_weights,0.25,0.35,0.2,0.2,76.4,1.3999999999999986,75.1,0.3000000000000042,False,-0.63,0.02,-0.65,77.0,77.0,2025-08,8,2025Q3,True,20.53187322209471,1.3000000000000114,1.259999999999991,55-65c,20-25,10-25%,+1:+3F,NO_loss_bracket_hit
2025-09-06,KXHIGHNY-25SEP06-B85.5,85-86F,central,CORE,-31.42995169812449,NO,0.5,9AM,62.24,0.185700483018755,True,True,False,83.84,fixed_weights,0.25,0.35,0.2,0.2,84.0,2.0,84.1,1.1000000000000014,False,-0.5,0.02,-0.52,86.0,86.0,2025-09,9,2025Q3,True,31.42995169812449,0.09999999999999432,2.1599999999999966,45-55c,30-35,10-25%,+1:+3F,NO_loss_actual_hotter_than_model
2025-09-10,KXHIGHNY-25SEP10-B71.5,71-72F,central,CORE,25.4567268353186,YES,0.25,9AM,45.61,0.504567268353186,False,False,False,70.80000000000001,fixed_weights,0.25,0.35,0.2,0.2,71.7,1.7999999999999972,69.9,1.8000000000000045,False,-0.25,0.02,-0.27,73.0,73.0,2025-09,9,2025Q3,True,25.4567268353186,1.7999999999999972,2.1999999999999886,<25c,25-30,50-75%,+1:+3F,YES_loss_actual_hotter_than_model
2025-09-19,KXHIGHNY-25SEP19-B84.5,84-85F,central,CORE,-33.59676437588076,NO,0.51,9AM,60.46,0.1540323562411923,True,True,False,82.685,fixed_weights,0.25,0.35,0.2,0.2,83.25,0.8499999999999943,82.05000000000001,0.3500000000000014,False,-0.51,0.02,-0.53,84.0,84.0,2025-09,9,2025Q3,True,33.59676437588076,1.1999999999999886,1.3149999999999977,45-55c,30-35,10-25%,+1:+3F,NO_loss_bracket_hit
2025-09-26,KXHIGHNY-25SEP26-B79.5,79-80F,central,CORE,20.83531415805612,YES,0.3,9AM,56.11,0.5083531415805612,False,False,False,80.66,fixed_weights,0.25,0.35,0.2,0.2,81.0,0.5999999999999943,80.3,1.2999999999999972,False,-0.3,0.02,-0.32,82.0,82.0,2025-09,9,2025Q3,True,20.83531415805612,0.7000000000000028,1.3400000000000034,25-35c,20-25,50-75%,+1:+3F,YES_loss_near_model_or_adjacent
2025-09-27,KXHIGHNY-25SEP27-B79.5,79-80F,central,CORE,-40.297045191034734,NO,0.42,9AM,74.0,0.1770295480896526,True,True,False,77.8,fixed_weights,0.25,0.35,0.2,0.2,78.1,1.6000000000000014,77.75,0.6500000000000057,False,-0.42,0.02,-0.44,79.0,79.0,2025-09,9,2025Q3,True,40.297045191034734,0.3499999999999943,1.2000000000000028,35-45c,40-50,10-25%,+1:+3F,NO_loss_bracket_hit
2025-09-30,KXHIGHNY-25SEP30-B80.5,80-81F,central,CORE,-21.98396836652392,NO,0.49,9AM,51.65,0.2901603163347608,True,True,False,79.23,fixed_weights,0.25,0.35,0.2,0.2,79.5,1.0999999999999943,79.1,0.5,False,-0.49,0.02,-0.51,81.0,81.0,2025-09,9,2025Q3,True,21.98396836652392,0.4000000000000057,1.769999999999996,45-55c,20-25,25-50%,+1:+3F,NO_loss_bracket_hit
2025-10-01,KXHIGHNY-25OCT01-B67.5,67-68F,central,CORE,31.007842589161,YES,0.31,9AM,67.68,0.62007842589161,False,False,False,68.4,fixed_weights,0.25,0.35,0.2,0.2,68.9,1.0,67.9,0.6000000000000014,False,-0.31,0.02,-0.33,69.0,69.0,2025-10,10,2025Q4,True,31.007842589161,1.0,0.5999999999999943,25-35c,30-35,50-75%,-1:+1F,YES_loss_near_model_or_adjacent
2025-10-01,KXHIGHNY-25OCT01-B69.5,69-70F,central,CORE,-23.259884566700062,NO,0.42,9AM,47.35,0.3474011543329993,True,True,False,68.4,fixed_weights,0.25,0.35,0.2,0.2,68.9,1.0,67.9,0.6000000000000014,False,-0.42,0.02,-0.44,69.0,69.0,2025-10,10,2025Q4,True,23.259884566700062,1.0,0.5999999999999943,35-45c,20-25,25-50%,-1:+1F,NO_loss_bracket_hit
2025-10-10,KXHIGHNY-25OCT10-B60.5,60-61F,central,CORE,33.037704439139816,YES,0.36,9AM,76.38,0.6903770443913981,False,False,False,61.2,fixed_weights,0.25,0.35,0.2,0.2,61.5,1.0,61.0,0.2999999999999971,False,-0.36,0.02,-0.38,62.0,62.0,2025-10,10,2025Q4,True,33.037704439139816,0.5,0.7999999999999972,35-45c,30-35,50-75%,-1:+1F,YES_loss_near_model_or_adjacent
2025-10-10,KXHIGHNY-25OCT10-B62.5,62-63F,central,CORE,-23.920811203378975,NO,0.48,9AM,54.23,0.2807918879662102,True,True,False,61.2,fixed_weights,0.25,0.35,0.2,0.2,61.5,1.0,61.0,0.2999999999999971,False,-0.48,0.02,-0.5,62.0,62.0,2025-10,10,2025Q4,True,23.920811203378975,0.5,0.7999999999999972,45-55c,20-25,25-50%,-1:+1F,NO_loss_bracket_hit
2025-10-23,KXHIGHNY-25OCT23-B58.5,58-59F,central,CORE,25.808526259314583,YES,0.34,9AM,72.41,0.5980852625931459,False,False,False,59.455,fixed_weights,0.25,0.35,0.2,0.2,59.55,0.75,59.5,0.2000000000000028,False,-0.34,0.02,-0.36,60.0,60.0,2025-10,10,2025Q4,True,25.808526259314583,0.04999999999999716,0.5450000000000017,25-35c,25-30,50-75%,-1:+1F,YES_loss_near_model_or_adjacent
2025-10-23,KXHIGHNY-25OCT23-B60.5,60-61F,central,CORE,-23.263914437536137,NO,0.4,9AM,59.02,0.3673608556246386,True,True,False,59.455,fixed_weights,0.25,0.35,0.2,0.2,59.55,0.75,59.5,0.2000000000000028,False,-0.4,0.02,-0.42,60.0,60.0,2025-10,10,2025Q4,True,23.263914437536137,0.04999999999999716,0.5450000000000017,35-45c,20-25,25-50%,-1:+1F,NO_loss_bracket_hit
2025-10-29,KXHIGHNY-25OCT29-B54.5,54-55F,central,CORE,22.246658725308144,YES,0.52,9AM,58.66,0.7424665872530815,False,False,False,54.48500000000001,fixed_weights,0.25,0.35,0.2,0.2,54.55,0.0500000000000007,54.400000000000006,0.3000000000000007,False,-0.52,0.02,-0.54,56.0,56.0,2025-10,10,2025Q4,True,22.246658725308144,0.14999999999999147,1.5149999999999935,45-55c,20-25,50-75%,+1:+3F,YES_loss_near_model_or_adjacent
2025-11-02,KXHIGHNY-25NOV02-B57.5,57-58F,central,CORE,27.653222016315805,YES,0.37,9AM,52.54,0.646532220163158,False,False,False,58.33,fixed_weights,0.25,0.35,0.2,0.2,59.3,1.6999999999999993,57.3,0.0999999999999978,False,-0.37,0.02,-0.39,59.0,,2025-11,11,2025Q4,True,27.653222016315805,2.0,,35-45c,25-30,50-75%,,YES_loss_near_model_or_adjacent
2025-11-02,KXHIGHNY-25NOV02-B59.5,59-60F,central,CORE,-22.700781076039625,NO,0.4499999999999999,9AM,35.93,0.3229921892396038,True,True,False,58.33,fixed_weights,0.25,0.35,0.2,0.2,59.3,1.6999999999999993,57.3,0.0999999999999978,False,-0.4499999999999999,0.02,-0.47,59.0,,2025-11,11,2025Q4,True,22.700781076039625,2.0,,35-45c,20-25,25-50%,,NO_loss_bracket_hit
2025-11-07,KXHIGHNY-25NOV07-B57.5,57-58F,central,CORE,27.01256683399023,YES,0.33,9AM,68.02,0.6001256683399023,False,False,False,58.45,fixed_weights,0.25,0.35,0.2,0.2,58.8,0.6999999999999993,58.1,0.1000000000000014,False,-0.33,0.02,-0.35,61.0,,2025-11,11,2025Q4,True,27.01256683399023,0.6999999999999957,,25-35c,25-30,50-75%,,YES_loss_near_model_or_adjacent
2025-11-09,KXHIGHNY-25NOV09-B63.5,63-64F,central,CORE,-50.846797383713714,NO,0.43,9AM,69.0,0.0615320261628627,True,True,False,60.96,fixed_weights,0.25,0.35,0.2,0.2,61.5,2.0,60.65,0.25,False,-0.43,0.02,-0.45,63.0,,2025-11,11,2025Q4,True,50.846797383713714,0.8500000000000014,,35-45c,50+,5-10%,,NO_loss_bracket_hit
2025-11-11,KXHIGHNY-25NOV11-T41,<=41F,wing_low,CORE,54.64149715234436,YES,0.26,9AM,97.67,0.8064149715234435,False,True,True,39.81,fixed_weights,0.25,0.35,0.2,0.2,39.8,0.3000000000000007,39.9,0.1000000000000014,False,-0.26,0.02,-0.28,41.0,,2025-11,11,2025Q4,True,54.64149715234436,0.10000000000000142,,25-35c,50+,75-100%,,YES_loss_lower_tail_missed
2025-11-14,KXHIGHNY-25NOV14-B51.5,51-52F,central,CORE,-29.483924091828474,NO,0.49,9AM,66.98,0.2151607590817152,True,True,False,49.965,fixed_weights,0.25,0.35,0.2,0.2,50.05,1.0500000000000007,50.1,0.0,False,-0.49,0.02,-0.51,51.0,,2025-11,11,2025Q4,True,29.483924091828474,0.05000000000000426,,45-55c,25-30,10-25%,,NO_loss_bracket_hit
2025-11-20,KXHIGHNY-25NOV20-B47.5,47-48F,central,CORE,-32.332618327644965,NO,0.4499999999999999,9AM,51.44,0.2266738167235503,True,True,False,46.01,fixed_weights,0.25,0.35,0.2,0.2,46.8,1.5,45.2,0.6999999999999993,False,-0.4499999999999999,0.02,-0.47,47.0,,2025-11,11,2025Q4,True,32.332618327644965,1.5999999999999943,,35-45c,30-35,10-25%,,NO_loss_bracket_hit
2025-11-23,KXHIGHNY-25NOV23-B49.5,49-50F,central,CORE,-31.151506486265728,NO,0.54,9AM,55.87,0.1484849351373427,True,True,False,47.655,fixed_weights,0.25,0.35,0.2,0.2,47.45,1.75,48.4,0.6000000000000014,False,-0.54,0.02,-0.56,49.0,,2025-11,11,2025Q4,True,31.151506486265728,0.9499999999999957,,45-55c,30-35,10-25%,,NO_loss_bracket_hit
2025-11-25,KXHIGHNY-25NOV25-B54.5,54-55F,central,CORE,42.2614610254557,YES,0.34,9AM,90.67,0.762614610254557,False,False,False,54.63,fixed_weights,0.25,0.35,0.2,0.2,54.8,0.0999999999999978,54.4,0.0,False,-0.34,0.02,-0.36,58.0,58.0,2025-11,11,2025Q4,True,42.2614610254557,0.3999999999999986,3.3699999999999974,25-35c,40-50,75-100%,+3:+5F,YES_loss_actual_hotter_than_model
2025-11-25,KXHIGHNY-25NOV25-B58.5,58-59F,central,DEEP_TAIL_NO,-15.94367411724342,NO,0.85,9AM,58.59,0.0105632588275658,True,True,False,54.63,fixed_weights,0.25,0.35,0.2,0.2,54.8,0.0999999999999978,54.4,0.0,False,-0.85,0.01,-0.86,58.0,58.0,2025-11,11,2025Q4,True,15.94367411724342,0.3999999999999986,3.3699999999999974,>75c,15-20,1-2%,+3:+5F,NO_loss_actual_hotter_than_model
2025-11-28,KXHIGHNY-25NOV28-B43.5,43-44F,central,CORE,-29.40303587778995,NO,0.47,9AM,63.87,0.2359696412221005,True,True,False,42.045,fixed_weights,0.25,0.35,0.2,0.2,42.25,0.6499999999999986,41.9,0.3999999999999986,False,-0.47,0.02,-0.49,43.0,,2025-11,11,2025Q4,True,29.40303587778995,0.3500000000000014,,45-55c,25-30,10-25%,,NO_loss_bracket_hit
2025-11-30,KXHIGHNY-25NOV30-B46.5,46-47F,central,CORE,-50.80038635711529,NO,0.48,9AM,63.33,0.0119961364288471,True,True,False,42.725,fixed_weights,0.25,0.35,0.2,0.2,42.25,1.6499999999999986,43.849999999999994,0.0500000000000007,False,-0.48,0.02,-0.5,47.0,,2025-11,11,2025Q4,True,50.80038635711529,1.5999999999999943,,45-55c,50+,1-2%,,NO_loss_bracket_hit
2025-11-30,KXHIGHNY-25NOV30-B46.5,46-47F,central,DEEP_TAIL_NO,-50.80038635711529,NO,0.5,9AM,63.33,0.0119961364288471,True,True,False,42.725,fixed_weights,0.25,0.35,0.2,0.2,42.25,1.6499999999999986,43.849999999999994,0.0500000000000007,False,-0.5,0.02,-0.52,47.0,,2025-11,11,2025Q4,True,50.80038635711529,1.5999999999999943,,45-55c,50+,1-2%,,NO_loss_bracket_hit
2025-12-03,KXHIGHNY-25DEC03-B41.5,41-42F,central,CORE,-26.62463685300836,NO,0.6599999999999999,9AM,57.83,0.0737536314699164,True,True,False,39.099999999999994,fixed_weights,0.25,0.35,0.2,0.2,39.8,1.1999999999999993,38.35,0.25,False,-0.6599999999999999,0.02,-0.6799999999999999,41.0,41.0,2025-12,12,2025Q4,True,26.62463685300836,1.4499999999999957,1.9000000000000057,65-75c,25-30,5-10%,+1:+3F,NO_loss_bracket_hit
2025-12-05,KXHIGHNY-25DEC05-B30.5,30-31F,central,CORE,50.53853590058351,YES,0.26,9AM,80.33,0.7653853590058352,False,False,False,30.805000000000003,fixed_weights,0.25,0.35,0.2,0.2,30.35,0.25,31.55,0.5500000000000007,False,-0.26,0.02,-0.28,32.0,,2025-12,12,2025Q4,True,50.53853590058351,1.1999999999999993,,25-35c,50+,75-100%,,YES_loss_near_model_or_adjacent
2025-12-05,KXHIGHNY-25DEC05-B32.5,32-33F,central,CORE,-33.19060437240137,NO,0.49,9AM,61.25,0.1780939562759863,True,True,False,30.805000000000003,fixed_weights,0.25,0.35,0.2,0.2,30.35,0.25,31.55,0.5500000000000007,False,-0.49,0.02,-0.51,32.0,,2025-12,12,2025Q4,True,33.19060437240137,1.1999999999999993,,45-55c,30-35,10-25%,,NO_loss_bracket_hit
2025-12-06,KXHIGHNY-25DEC06-B39.5,39-40F,central,CORE,34.22428639393439,YES,0.42,9AM,56.97,0.7622428639393439,False,False,False,39.85,fixed_weights,0.25,0.35,0.2,0.2,40.5,1.7000000000000028,39.3,0.8000000000000007,False,-0.42,0.02,-0.44,42.0,,2025-12,12,2025Q4,True,34.22428639393439,1.2000000000000028,,35-45c,30-35,75-100%,,YES_loss_near_model_or_adjacent
2025-12-06,KXHIGHNY-25DEC06-B41.5,41-42F,central,CORE,-28.207568409027495,NO,0.53,9AM,48.94,0.187924315909725,True,True,False,39.85,fixed_weights,0.25,0.35,0.2,0.2,40.5,1.7000000000000028,39.3,0.8000000000000007,False,-0.53,0.02,-0.55,42.0,,2025-12,12,2025Q4,True,28.207568409027495,1.2000000000000028,,45-55c,25-30,10-25%,,NO_loss_bracket_hit
2025-12-07,KXHIGHNY-25DEC07-B43.5,43-44F,central,CORE,-27.788321349855956,NO,0.6799999999999999,9AM,60.72,0.0421167865014404,True,True,False,40.67,fixed_weights,0.25,0.35,0.2,0.2,41.3,0.6999999999999993,39.9,0.5,False,-0.6799999999999999,0.02,-0.7,43.0,43.0,2025-12,12,2025Q4,True,27.788321349855956,1.3999999999999986,2.3299999999999983,65-75c,25-30,2-5%,+1:+3F,NO_loss_actual_hotter_than_model
2025-12-10,KXHIGHNY-25DEC10-B44.5,44-45F,central,CORE,25.91909997959939,YES,0.5,9AM,50.56,0.7591909997959939,False,False,False,44.595,fixed_weights,0.25,0.35,0.2,0.2,45.150000000000006,1.5500000000000007,44.15,0.1499999999999985,False,-0.5,0.02,-0.52,47.0,,2025-12,12,2025Q4,True,25.91909997959939,1.000000000000007,,45-55c,25-30,75-100%,,YES_loss_near_model_or_adjacent
2025-12-13,KXHIGHNY-25DEC13-B38.5,38-39F,central,CORE,23.41460498811694,YES,0.53,9AM,34.55,0.7641460498811694,False,False,False,38.65,fixed_weights,0.25,0.35,0.2,0.2,39.6,1.5,37.6,1.0,False,-0.53,0.02,-0.55,41.0,,2025-12,12,2025Q4,True,23.41460498811694,2.0,,45-55c,20-25,75-100%,,YES_loss_near_model_or_adjacent
2025-12-13,KXHIGHNY-25DEC13-B40.5,40-41F,central,CORE,-23.242211824528702,NO,0.62,9AM,44.32,0.1475778817547129,True,True,False,38.65,fixed_weights,0.25,0.35,0.2,0.2,39.6,1.5,37.6,1.0,False,-0.62,0.02,-0.64,41.0,,2025-12,12,2025Q4,True,23.242211824528702,2.0,,55-65c,20-25,10-25%,,NO_loss_bracket_hit
2025-12-16,KXHIGHNY-25DEC16-B32.5,32-33F,central,CORE,-56.561085267326675,NO,0.39,9AM,83.33,0.0443891473267332,True,True,False,29.71,fixed_weights,0.25,0.35,0.2,0.2,29.8,2.3000000000000007,30.15,0.1500000000000003,False,-0.39,0.02,-0.41,32.0,,2025-12,12,2025Q4,True,56.561085267326675,0.34999999999999787,,35-45c,50+,2-5%,,NO_loss_bracket_hit
2025-12-17,KXHIGHNY-25DEC17-B47.5,47-48F,central,DEEP_TAIL_NO,-12.484751433862272,NO,0.89,9AM,42.31,0.0051524856613772,True,True,False,43.095,fixed_weights,0.25,0.35,0.2,0.2,43.45,3.9499999999999993,43.55,0.5500000000000007,False,-0.89,0.01,-0.9,47.0,,2025-12,12,2025Q4,True,12.484751433862272,0.09999999999999432,,>75c,0-15,0.5-1%,,NO_loss_bracket_hit
2025-12-18,KXHIGHNY-25DEC18-B50.5,50-51F,central,DEEP_TAIL_NO,-41.818348278496046,NO,0.6000000000000001,9AM,50.0,0.0018165172150395,True,True,False,45.32,fixed_weights,0.25,0.35,0.2,0.2,46.8,3.8000000000000007,44.05,2.9499999999999993,False,-0.6000000000000001,0.02,-0.6200000000000001,50.0,,2025-12,12,2025Q4,True,41.818348278496046,2.75,,55-65c,40-50,0-0.5%,,NO_loss_bracket_hit
2025-12-19,KXHIGHNY-25DEC19-B58.5,58-59F,central,CORE,-51.34775152047172,NO,0.4599999999999999,9AM,68.67,0.0265224847952828,True,True,False,55.32,fixed_weights,0.25,0.35,0.2,0.2,55.9,0.6000000000000014,54.6,0.3999999999999986,False,-0.4599999999999999,0.02,-0.48,58.0,,2025-12,12,2025Q4,True,51.34775152047172,1.2999999999999972,,45-55c,50+,2-5%,,NO_loss_bracket_hit
2025-12-23,KXHIGHNY-25DEC23-B40.5,40-41F,central,DEEP_TAIL_NO,-76.56299192573431,NO,0.24,9AM,76.33,0.0143700807426568,True,True,False,36.86,fixed_weights,0.25,0.35,0.2,0.2,37.3,0.5999999999999979,36.35,2.1499999999999986,False,-0.24,0.02,-0.26,40.0,,2025-12,12,2025Q4,True,76.56299192573431,0.9499999999999957,,<25c,50+,1-2%,,NO_loss_bracket_hit
2025-12-28,KXHIGHNY-25DEC28-B39.5,39-40F,central,DEEP_TAIL_NO,-39.78935527817327,NO,0.62,9AM,78.39,0.0021064472182673,True,True,False,34.43,fixed_weights,0.25,0.35,0.2,0.2,33.9,0.1000000000000014,35.25,0.75,False,-0.62,0.02,-0.64,39.0,,2025-12,12,2025Q4,True,39.78935527817327,1.3500000000000014,,55-65c,35-40,0-0.5%,,NO_loss_bracket_hit
2025-12-29,KXHIGHNY-25DEC29-B48.5,48-49F,central,CORE,-43.33555979379024,NO,0.55,9AM,77.67,0.0166444020620976,True,True,False,44.97,fixed_weights,0.25,0.35,0.2,0.2,45.0,1.2999999999999972,45.25,0.1499999999999985,False,-0.55,0.02,-0.5700000000000001,49.0,,2025-12,12,2025Q4,True,43.33555979379024,0.25,,45-55c,40-50,1-2%,,NO_loss_bracket_hit
2025-12-29,KXHIGHNY-25DEC29-B48.5,48-49F,central,DEEP_TAIL_NO,-43.33555979379024,NO,0.5700000000000001,9AM,77.67,0.0166444020620976,True,True,False,44.97,fixed_weights,0.25,0.35,0.2,0.2,45.0,1.2999999999999972,45.25,0.1499999999999985,False,-0.5700000000000001,0.02,-0.5900000000000001,49.0,,2025-12,12,2025Q4,True,43.33555979379024,0.25,,55-65c,40-50,1-2%,,NO_loss_bracket_hit
2025-12-31,KXHIGHNY-25DEC31-B31.5,31-32F,central,CORE,48.53656211240498,YES,0.28,9AM,87.33,0.7653656211240498,False,False,False,31.67,fixed_weights,0.25,0.35,0.2,0.2,31.9,0.8999999999999986,31.549999999999997,0.3499999999999996,False,-0.28,0.02,-0.3,33.0,,2025-12,12,2025Q4,True,48.53656211240498,0.3500000000000014,,25-35c,40-50,75-100%,,YES_loss_near_model_or_adjacent
2025-12-31,KXHIGHNY-25DEC31-B33.5,33-34F,central,CORE,-40.87639912157665,NO,0.4399999999999999,9AM,77.33,0.1512360087842336,True,True,False,31.67,fixed_weights,0.25,0.35,0.2,0.2,31.9,0.8999999999999986,31.549999999999997,0.3499999999999996,False,-0.4399999999999999,0.02,-0.4599999999999999,33.0,,2025-12,12,2025Q4,True,40.87639912157665,0.3500000000000014,,35-45c,40-50,10-25%,,NO_loss_bracket_hit
2026-01-01,KXHIGHNY-26JAN01-B36.5,36-37F,central,DEEP_TAIL_NO,-93.7259320104008,NO,0.07,9AM,91.33,0.0127406798959919,True,True,False,32.769999999999996,fixed_weights,0.25,0.35,0.2,0.2,32.9,0.1000000000000014,32.6,0.1000000000000014,False,-0.07,0.01,-0.08,36.0,,2026-01,1,2026Q1,True,93.7259320104008,0.29999999999999716,,<25c,50+,1-2%,,NO_loss_bracket_hit
2026-01-04,KXHIGHNY-26JAN04-B33.5,33-34F,central,CORE,28.149986585923,YES,0.46,9AM,61.53,0.74149986585923,False,False,False,33.480000000000004,fixed_weights,0.25,0.35,0.2,0.2,33.7,1.0,33.4,0.3999999999999986,False,-0.46,0.02,-0.48,35.0,,2026-01,1,2026Q1,True,28.149986585923,0.30000000000000426,,45-55c,25-30,50-75%,,YES_loss_near_model_or_adjacent
2026-01-04,KXHIGHNY-26JAN04-B35.5,35-36F,central,CORE,-27.0442331491652,NO,0.61,9AM,70.06,0.119557668508348,True,True,False,33.480000000000004,fixed_weights,0.25,0.35,0.2,0.2,33.7,1.0,33.4,0.3999999999999986,False,-0.61,0.02,-0.63,35.0,,2026-01,1,2026Q1,True,27.0442331491652,0.30000000000000426,,55-65c,25-30,10-25%,,NO_loss_bracket_hit
2026-01-06,KXHIGHNY-26JAN06-B41.5,41-42F,central,CORE,-27.319043027187,NO,0.54,9AM,55.76,0.18680956972813,True,True,False,39.845,fixed_weights,0.25,0.35,0.2,0.2,39.75,1.25,40.3,0.8000000000000007,False,-0.54,0.02,-0.56,42.0,,2026-01,1,2026Q1,True,27.319043027187,0.5499999999999972,,45-55c,25-30,10-25%,,NO_loss_bracket_hit
2026-01-07,KXHIGHNY-26JAN07-B47.5,47-48F,central,CORE,33.56879028384167,YES,0.42,9AM,54.43,0.7556879028384167,False,False,False,47.91,fixed_weights,0.25,0.35,0.2,0.2,48.7,0.3000000000000007,46.8,0.5999999999999979,False,-0.42,0.02,-0.44,49.0,,2026-01,1,2026Q1,True,33.56879028384167,1.9000000000000057,,35-45c,30-35,75-100%,,YES_loss_near_model_or_adjacent
2026-01-07,KXHIGHNY-26JAN07-B49.5,49-50F,central,CORE,-27.825155095422392,NO,0.52,9AM,46.77,0.201748449045776,True,True,False,47.91,fixed_weights,0.25,0.35,0.2,0.2,48.7,0.3000000000000007,46.8,0.5999999999999979,False,-0.52,0.02,-0.54,49.0,,2026-01,1,2026Q1,True,27.825155095422392,1.9000000000000057,,45-55c,25-30,10-25%,,NO_loss_bracket_hit
2026-01-13,KXHIGHNY-26JAN13-B45.5,45-46F,central,CORE,22.27224088468583,YES,0.34,9AM,50.7,0.5627224088468583,False,False,False,44.94,fixed_weights,0.25,0.35,0.2,0.2,45.599999999999994,1.8000000000000007,44.400000000000006,0.8000000000000007,False,-0.34,0.02,-0.36,48.0,48.0,2026-01,1,2026Q1,True,22.27224088468583,1.1999999999999886,3.0600000000000023,25-35c,20-25,50-75%,+3:+5F,YES_loss_actual_hotter_than_model
2026-01-14,KXHIGHNY-26JAN14-B51.5,51-52F,central,CORE,-46.33219590738983,NO,0.5,9AM,61.0,0.0366780409261017,True,True,False,48.565000000000005,fixed_weights,0.25,0.35,0.2,0.2,49.25,1.8500000000000016,48.0,1.6000000000000014,False,-0.5,0.02,-0.52,52.0,52.0,2026-01,1,2026Q1,True,46.33219590738983,1.25,3.434999999999995,45-55c,40-50,2-5%,+3:+5F,NO_loss_actual_hotter_than_model
2026-01-17,KXHIGHNY-26JAN17-B38.5,38-39F,central,CORE,-42.57695905675872,NO,0.5,9AM,63.67,0.0742304094324127,True,True,False,36.105,fixed_weights,0.25,0.35,0.2,0.2,36.65,1.25,35.6,2.0,False,-0.5,0.02,-0.52,39.0,39.0,2026-01,1,2026Q1,True,42.57695905675872,1.0499999999999972,2.895000000000003,45-55c,40-50,5-10%,+1:+3F,NO_loss_actual_hotter_than_model
2026-01-18,KXHIGHNY-26JAN18-B35.5,35-36F,central,CORE,-68.60247475743041,NO,0.25,9AM,87.33,0.0639752524256959,True,True,False,32.99,fixed_weights,0.25,0.35,0.2,0.2,32.900000000000006,0.3000000000000007,33.2,1.099999999999998,False,-0.25,0.02,-0.27,36.0,36.0,2026-01,1,2026Q1,True,68.60247475743041,0.29999999999999716,3.009999999999998,<25c,50+,5-10%,+3:+5F,NO_loss_actual_hotter_than_model
2026-01-19,KXHIGHNY-26JAN19-B32.5,32-33F,central,CORE,-49.02370673162577,NO,0.35,9AM,77.33,0.1597629326837423,True,True,False,30.715,fixed_weights,0.25,0.35,0.2,0.2,30.15,0.5499999999999989,31.700000000000003,0.0999999999999996,False,-0.35,0.02,-0.37,32.0,32.0,2026-01,1,2026Q1,True,49.02370673162577,1.5500000000000043,1.2850000000000001,25-35c,40-50,10-25%,+1:+3F,NO_loss_bracket_hit
2026-01-21,KXHIGHNY-26JAN21-B35.5,35-36F,central,CORE,24.087459001185685,YES,0.38,9AM,59.78,0.6208745900118569,False,False,False,35.085,fixed_weights,0.25,0.35,0.2,0.2,34.650000000000006,0.4499999999999993,35.85,0.1499999999999985,False,-0.38,0.02,-0.4,40.0,40.0,2026-01,1,2026Q1,True,24.087459001185685,1.1999999999999957,4.914999999999999,35-45c,20-25,50-75%,+3:+5F,YES_loss_actual_hotter_than_model
2026-01-21,KXHIGHNY-26JAN21-B39.5,39-40F,central,DEEP_TAIL_NO,-6.491628786193942,NO,0.95,9AM,41.0,0.0050837121380605,True,True,False,35.085,fixed_weights,0.25,0.35,0.2,0.2,34.650000000000006,0.4499999999999993,35.85,0.1499999999999985,False,-0.95,0.01,-0.96,40.0,40.0,2026-01,1,2026Q1,True,6.491628786193942,1.1999999999999957,4.914999999999999,>75c,0-15,0.5-1%,+3:+5F,NO_loss_actual_hotter_than_model
2026-01-22,KXHIGHNY-26JAN22-B44.5,44-45F,central,CORE,28.300098568814185,YES,0.29,9AM,52.07,0.5730009856881418,False,False,False,45.515,fixed_weights,0.25,0.35,0.2,0.2,46.45,2.349999999999998,44.7,0.5999999999999979,False,-0.29,0.02,-0.31,47.0,47.0,2026-01,1,2026Q1,True,28.300098568814185,1.75,1.4849999999999994,25-35c,25-30,50-75%,+1:+3F,YES_loss_near_model_or_adjacent
2026-01-26,KXHIGHNY-26JAN26-B27.5,27-28F,central,CORE,-31.266547084585223,NO,0.5700000000000001,9AM,64.02,0.1173345291541477,True,True,False,25.465,fixed_weights,0.25,0.35,0.2,0.2,25.35,1.049999999999999,25.9,0.0999999999999996,False,-0.5700000000000001,0.02,-0.5900000000000001,27.0,27.0,2026-01,1,2026Q1,True,31.266547084585223,0.5499999999999972,1.5350000000000001,55-65c,30-35,10-25%,+1:+3F,NO_loss_bracket_hit
2026-01-26,KXHIGHNY-26JAN26-T27,<=27F,wing_low,CORE,45.35822315664607,YES,0.42,9AM,80.67,0.8735822315664606,False,True,True,25.465,fixed_weights,0.25,0.35,0.2,0.2,25.35,1.049999999999999,25.9,0.0999999999999996,False,-0.42,0.02,-0.44,27.0,27.0,2026-01,1,2026Q1,True,45.35822315664607,0.5499999999999972,1.5350000000000001,35-45c,40-50,75-100%,+1:+3F,YES_loss_lower_tail_missed
2026-01-27,KXHIGHNY-26JAN27-B18.5,18-19F,central,CORE,41.253761853410744,YES,0.25,9AM,89.0,0.6625376185341074,False,False,False,19.285,fixed_weights,0.25,0.35,0.2,0.2,19.35,0.8499999999999996,19.4,0.7999999999999989,False,-0.25,0.02,-0.27,22.0,22.0,2026-01,1,2026Q1,True,41.253761853410744,0.04999999999999716,2.715,<25c,40-50,50-75%,+1:+3F,YES_loss_actual_hotter_than_model
2026-01-27,KXHIGHNY-26JAN27-B22.5,22-23F,central,CORE,-23.468161902458984,NO,0.74,9AM,66.96,0.0253183809754101,True,True,False,19.285,fixed_weights,0.25,0.35,0.2,0.2,19.35,0.8499999999999996,19.4,0.7999999999999989,False,-0.74,0.02,-0.76,22.0,22.0,2026-01,1,2026Q1,True,23.468161902458984,0.04999999999999716,2.715,65-75c,20-25,2-5%,+1:+3F,NO_loss_actual_hotter_than_model
2026-01-28,KXHIGHNY-26JAN28-B23.5,23-24F,central,CORE,-43.17332602932952,NO,0.48,9AM,74.33,0.0882667397067048,True,True,False,21.24,fixed_weights,0.25,0.35,0.2,0.2,21.5,2.0,21.35,0.75,False,-0.48,0.02,-0.5,23.0,23.0,2026-01,1,2026Q1,True,43.17332602932952,0.14999999999999858,1.7600000000000016,45-55c,40-50,5-10%,+1:+3F,NO_loss_bracket_hit
2026-01-29,KXHIGHNY-26JAN29-B23.5,23-24F,central,CORE,-33.88417903263245,NO,0.64,9AM,73.85,0.0211582096736754,True,True,False,20.15,fixed_weights,0.25,0.35,0.2,0.2,20.3,2.5,20.549999999999997,0.6500000000000004,False,-0.64,0.02,-0.66,23.0,23.0,2026-01,1,2026Q1,True,33.88417903263245,0.24999999999999645,2.8500000000000014,55-65c,30-35,2-5%,+1:+3F,NO_loss_actual_hotter_than_model
2026-01-30,KXHIGHNY-26JAN30-B17.5,17-18F,central,CORE,-44.232309683351865,NO,0.3399999999999999,9AM,75.33,0.2176769031664813,True,True,False,15.975,fixed_weights,0.25,0.35,0.2,0.2,16.65,1.950000000000001,15.45,0.3500000000000005,False,-0.3399999999999999,0.02,-0.36,18.0,18.0,2026-01,1,2026Q1,True,44.232309683351865,1.1999999999999993,2.0250000000000004,25-35c,40-50,10-25%,+1:+3F,NO_loss_actual_hotter_than_model
2026-01-31,KXHIGHNY-26JAN31-B23.5,23-24F,central,CORE,-33.07043804376523,NO,0.64,9AM,69.76,0.0292956195623477,True,True,False,20.395,fixed_weights,0.25,0.35,0.2,0.2,20.45,2.75,21.0,0.3999999999999986,False,-0.64,0.02,-0.66,24.0,24.0,2026-01,1,2026Q1,True,33.07043804376523,0.5500000000000007,3.6050000000000004,55-65c,30-35,2-5%,+3:+5F,NO_loss_actual_hotter_than_model
2026-02-01,KXHIGHNY-26FEB01-B24.5,24-25F,central,CORE,-57.05738847780181,NO,0.42,9AM,58.0,0.0094261152219818,True,True,False,20.545,fixed_weights,0.25,0.35,0.2,0.2,21.35,1.6500000000000004,19.75,1.6499999999999986,False,-0.42,0.02,-0.44,24.0,24.0,2026-02,2,2026Q1,True,57.05738847780181,1.6000000000000014,3.4549999999999983,35-45c,50+,0.5-1%,+3:+5F,NO_loss_actual_hotter_than_model
2026-02-01,KXHIGHNY-26FEB01-B24.5,24-25F,central,DEEP_TAIL_NO,-57.05738847780181,NO,0.44,9AM,58.0,0.0094261152219818,True,True,False,20.545,fixed_weights,0.25,0.35,0.2,0.2,21.35,1.6500000000000004,19.75,1.6499999999999986,False,-0.44,0.02,-0.4600000000000001,24.0,24.0,2026-02,2,2026Q1,True,57.05738847780181,1.6000000000000014,3.4549999999999983,35-45c,50+,0.5-1%,+3:+5F,NO_loss_actual_hotter_than_model
2026-02-04,KXHIGHNY-26FEB04-B32.5,32-33F,central,CORE,-45.82903926174012,NO,0.4499999999999999,9AM,71.67,0.0917096073825988,True,True,False,30.270000000000003,fixed_weights,0.25,0.35,0.2,0.2,30.700000000000003,1.9000000000000004,30.1,0.2999999999999989,False,-0.4499999999999999,0.02,-0.47,33.0,33.0,2026-02,2,2026Q1,True,45.82903926174012,0.6000000000000014,2.729999999999997,35-45c,40-50,5-10%,+1:+3F,NO_loss_actual_hotter_than_model
2026-02-05,KXHIGHNY-26FEB05-B29.5,29-30F,central,CORE,23.210278827776232,YES,0.26,9AM,49.61,0.4921027882777623,False,False,False,28.77,fixed_weights,0.25,0.35,0.2,0.2,29.4,2.5,28.45,1.5500000000000007,False,-0.26,0.02,-0.28,32.0,32.0,2026-02,2,2026Q1,True,23.210278827776232,0.9499999999999993,3.2300000000000004,25-35c,20-25,25-50%,+3:+5F,YES_loss_actual_hotter_than_model
2026-02-05,KXHIGHNY-26FEB05-B31.5,31-32F,central,CORE,-44.19771745330768,NO,0.51,9AM,62.0,0.0480228254669231,True,True,False,28.77,fixed_weights,0.25,0.35,0.2,0.2,29.4,2.5,28.45,1.5500000000000007,False,-0.51,0.02,-0.53,32.0,32.0,2026-02,2,2026Q1,True,44.19771745330768,0.9499999999999993,3.2300000000000004,45-55c,40-50,2-5%,+3:+5F,NO_loss_actual_hotter_than_model
2026-02-06,KXHIGHNY-26FEB06-B32.5,32-33F,central,CORE,-43.59918992673368,NO,0.54,9AM,69.0,0.0240081007326632,True,True,False,29.244999999999997,fixed_weights,0.25,0.35,0.2,0.2,29.25,2.0500000000000007,29.75,1.25,False,-0.54,0.02,-0.56,33.0,33.0,2026-02,2,2026Q1,True,43.59918992673368,0.5,3.7550000000000026,45-55c,40-50,2-5%,+3:+5F,NO_loss_actual_hotter_than_model
2026-02-08,KXHIGHNY-26FEB08-B17.5,17-18F,central,CORE,-43.80670914545185,NO,0.5,9AM,60.33,0.0619329085454815,True,True,False,14.965,fixed_weights,0.25,0.35,0.2,0.2,15.75,2.6499999999999995,14.45,0.8500000000000004,False,-0.5,0.02,-0.52,18.0,18.0,2026-02,2,2026Q1,True,43.80670914545185,1.3000000000000007,3.035,45-55c,40-50,5-10%,+3:+5F,NO_loss_actual_hotter_than_model
2026-02-08,KXHIGHNY-26FEB08-T17,<=17F,wing_low,CORE,56.34266448579632,YES,0.37,9AM,75.33,0.9334266448579632,False,False,False,14.965,fixed_weights,0.25,0.35,0.2,0.2,15.75,2.6499999999999995,14.45,0.8500000000000004,False,-0.37,0.02,-0.39,18.0,18.0,2026-02,2,2026Q1,True,56.34266448579632,1.3000000000000007,3.035,35-45c,50+,75-100%,+3:+5F,YES_loss_lower_tail_missed
2026-02-09,KXHIGHNY-26FEB09-B30.5,30-31F,central,CORE,-53.82423142719123,NO,0.4499999999999999,9AM,69.0,0.0117576857280876,True,True,False,26.709999999999997,fixed_weights,0.25,0.35,0.2,0.2,26.9,2.9000000000000004,27.15,1.1500000000000004,False,-0.4499999999999999,0.02,-0.47,31.0,31.0,2026-02,2,2026Q1,True,53.82423142719123,0.25,4.290000000000003,35-45c,50+,1-2%,+3:+5F,NO_loss_actual_hotter_than_model
2026-02-09,KXHIGHNY-26FEB09-B30.5,30-31F,central,DEEP_TAIL_NO,-53.82423142719123,NO,0.47,9AM,69.0,0.0117576857280876,True,True,False,26.709999999999997,fixed_weights,0.25,0.35,0.2,0.2,26.9,2.9000000000000004,27.15,1.1500000000000004,False,-0.47,0.02,-0.49,31.0,31.0,2026-02,2,2026Q1,True,53.82423142719123,0.25,4.290000000000003,45-55c,50+,1-2%,+3:+5F,NO_loss_actual_hotter_than_model
2026-02-10,KXHIGHNY-26FEB10-B36.5,36-37F,central,CORE,-40.08845496046222,NO,0.5900000000000001,9AM,68.33,0.0091154503953777,True,True,False,32.519999999999996,fixed_weights,0.25,0.35,0.2,0.2,32.9,2.0,32.45,1.6500000000000004,False,-0.5900000000000001,0.02,-0.6100000000000001,37.0,37.0,2026-02,2,2026Q1,True,40.08845496046222,0.44999999999999574,4.480000000000004,55-65c,40-50,0.5-1%,+3:+5F,NO_loss_actual_hotter_than_model
2026-02-10,KXHIGHNY-26FEB10-B36.5,36-37F,central,DEEP_TAIL_NO,-40.08845496046222,NO,0.6100000000000001,9AM,78.33,0.0091154503953777,True,True,False,32.519999999999996,fixed_weights,0.25,0.35,0.2,0.2,32.9,2.0,32.45,1.6500000000000004,False,-0.6100000000000001,0.02,-0.6300000000000001,37.0,37.0,2026-02,2,2026Q1,True,40.08845496046222,0.44999999999999574,4.480000000000004,55-65c,40-50,0.5-1%,+3:+5F,NO_loss_actual_hotter_than_model
2026-02-12,KXHIGHNY-26FEB12-B34.5,34-35F,central,CORE,34.929760250718715,YES,0.41,9AM,70.57,0.7592976025071871,False,False,False,34.879999999999995,fixed_weights,0.25,0.35,0.2,0.2,35.1,2.0,35.05,0.1500000000000021,False,-0.41,0.02,-0.43,36.0,36.0,2026-02,2,2026Q1,True,34.929760250718715,0.05000000000000426,1.1200000000000045,35-45c,30-35,75-100%,+1:+3F,YES_loss_near_model_or_adjacent
2026-02-14,KXHIGHNY-26FEB14-B46.5,46-47F,central,DEEP_TAIL_NO,-26.025269201085255,NO,0.75,9AM,49.03,0.0097473079891474,True,True,False,42.57,fixed_weights,0.25,0.35,0.2,0.2,42.5,4.299999999999997,43.75,0.1499999999999985,False,-0.75,0.02,-0.77,46.0,46.0,2026-02,2,2026Q1,True,26.025269201085255,1.25,3.4299999999999997,65-75c,25-30,0.5-1%,+3:+5F,NO_loss_actual_hotter_than_model
2026-02-15,KXHIGHNY-26FEB15-B40.5,40-41F,central,CORE,-23.262196303884636,NO,0.7,9AM,51.02,0.0673780369611536,True,True,False,38.03,fixed_weights,0.25,0.35,0.2,0.2,37.5,1.2999999999999972,39.15,0.25,False,-0.7,0.02,-0.72,40.0,40.0,2026-02,2,2026Q1,True,23.262196303884636,1.6499999999999986,1.9699999999999989,65-75c,20-25,5-10%,+1:+3F,NO_loss_bracket_hit
2026-02-17,KXHIGHNY-26FEB17-B46.5,46-47F,central,CORE,-33.43238444684799,NO,0.54,9AM,50.58,0.1256761555315201,True,True,False,44.52,fixed_weights,0.25,0.35,0.2,0.2,44.2,2.1999999999999993,45.55,1.4499999999999993,False,-0.54,0.02,-0.56,47.0,47.0,2026-02,2,2026Q1,True,33.43238444684799,1.3499999999999943,2.479999999999997,45-55c,30-35,10-25%,+1:+3F,NO_loss_actual_hotter_than_model
2026-02-19,KXHIGHNY-26FEB19-B42.5,42-43F,central,CORE,-24.49774762719702,NO,0.72,9AM,57.0,0.0350225237280298,True,True,False,39.53,fixed_weights,0.25,0.35,0.2,0.2,39.0,0.7000000000000028,40.5,0.0,False,-0.72,0.02,-0.74,42.0,42.0,2026-02,2,2026Q1,True,24.49774762719702,1.5,2.469999999999999,65-75c,20-25,2-5%,+1:+3F,NO_loss_actual_hotter_than_model
2026-02-23,KXHIGHNY-26FEB23-B33.5,33-34F,central,CORE,26.253344673727447,YES,0.42,9AM,61.67,0.6825334467372745,False,False,False,34.225,fixed_weights,0.25,0.35,0.2,0.2,34.05,0.1500000000000021,34.45,0.1500000000000021,False,-0.42,0.02,-0.44,35.0,35.0,2026-02,2,2026Q1,True,26.253344673727447,0.4000000000000057,0.7749999999999986,35-45c,25-30,50-75%,-1:+1F,YES_loss_near_model_or_adjacent
2026-02-24,KXHIGHNY-26FEB24-B30.5,30-31F,central,CORE,-31.70819603381215,NO,0.31,9AM,67.94,0.3729180396618784,True,True,False,29.47,fixed_weights,0.25,0.35,0.2,0.2,29.1,0.9000000000000004,30.25,0.4499999999999993,False,-0.31,0.02,-0.33,31.0,31.0,2026-02,2,2026Q1,True,31.70819603381215,1.1499999999999986,1.5300000000000011,25-35c,30-35,25-50%,+1:+3F,NO_loss_bracket_hit
2026-02-25,KXHIGHNY-26FEB25-B43.5,43-44F,central,DEEP_TAIL_NO,-15.879531204036144,NO,0.86,9AM,46.84,0.0012046879596385,True,True,False,38.015,fixed_weights,0.25,0.35,0.2,0.2,38.05,1.9499999999999993,38.45,1.650000000000002,False,-0.86,0.01,-0.87,44.0,44.0,2026-02,2,2026Q1,True,15.879531204036144,0.4000000000000057,5.984999999999999,>75c,15-20,0-0.5%,+5:+8F,NO_loss_actual_hotter_than_model
2026-02-26,KXHIGHNY-26FEB26-T43,>43F,wing_high,CORE,-43.47977884804009,NO,0.56,9AM,59.33,0.005202211519599,True,True,False,40.05,fixed_weights,0.25,0.35,0.2,0.2,40.9,2.5,39.400000000000006,2.1999999999999993,False,-0.56,0.02,-0.5800000000000001,49.0,49.0,2026-02,2,2026Q1,True,43.47977884804009,1.499999999999993,8.950000000000003,55-65c,40-50,0.5-1%,>+8F,NO_loss_hot_upper_tail_hit
2026-02-26,KXHIGHNY-26FEB26-T43,>43F,wing_high,DEEP_TAIL_NO,-43.47977884804009,NO,0.5800000000000001,9AM,59.33,0.005202211519599,True,True,False,40.05,fixed_weights,0.25,0.35,0.2,0.2,40.9,2.5,39.400000000000006,2.1999999999999993,False,-0.5800000000000001,0.02,-0.6000000000000001,49.0,49.0,2026-02,2,2026Q1,True,43.47977884804009,1.499999999999993,8.950000000000003,55-65c,40-50,0.5-1%,>+8F,NO_loss_hot_upper_tail_hit
2026-02-27,KXHIGHNY-26FEB27-B44.5,44-45F,central,DEEP_TAIL_NO,-34.990303067437964,NO,0.67,9AM,64.32,9.69693256203108e-05,True,True,False,37.145,fixed_weights,0.25,0.35,0.2,0.2,37.35,3.6499999999999986,37.75,2.549999999999997,False,-0.67,0.02,-0.6900000000000001,44.0,44.0,2026-02,2,2026Q1,True,34.990303067437964,0.3999999999999986,6.854999999999997,65-75c,30-35,0-0.5%,+5:+8F,NO_loss_actual_hotter_than_model
2026-03-07,KXHIGHNY-26MAR07-B52.5,52-53F,central,DEEP_TAIL_NO,-7.624319026514352,NO,0.94,9AM,41.67,0.0037568097348564,True,True,False,47.86,fixed_weights,0.25,0.35,0.2,0.2,47.4,1.0,48.3,0.3000000000000007,False,-0.94,0.01,-0.95,52.0,52.0,2026-03,3,2026Q1,True,7.624319026514352,0.8999999999999986,4.140000000000001,>75c,0-15,0-0.5%,+3:+5F,NO_loss_actual_hotter_than_model
2026-03-07,KXHIGHNY-26MAR07-T50,<=50F,wing_low,CORE,34.19507632334926,YES,0.6,9AM,68.93,0.9419507632334926,False,False,False,47.86,fixed_weights,0.25,0.35,0.2,0.2,47.4,1.0,48.3,0.3000000000000007,False,-0.6,0.02,-0.62,52.0,52.0,2026-03,3,2026Q1,True,34.19507632334926,0.8999999999999986,4.140000000000001,55-65c,30-35,75-100%,+3:+5F,YES_loss_lower_tail_missed
2026-03-11,KXHIGHNY-26MAR11-B72.5,72-73F,central,DEEP_TAIL_NO,-21.763822955367058,NO,0.8,9AM,31.19,0.0023617704463294,True,True,False,67.515,fixed_weights,0.25,0.35,0.2,0.2,68.65,3.5500000000000043,66.7,3.200000000000003,False,-0.8,0.02,-0.8200000000000001,72.0,72.0,2026-03,3,2026Q1,True,21.763822955367058,1.9500000000000028,4.484999999999999,>75c,20-25,0-0.5%,+3:+5F,NO_loss_actual_hotter_than_model
2026-03-14,KXHIGHNY-26MAR14-B49.5,49-50F,central,CORE,28.4397173993262,YES,0.39,9AM,57.25,0.674397173993262,False,False,False,50.25,fixed_weights,0.25,0.35,0.2,0.2,51.1,0.8999999999999986,49.2,0.0999999999999978,False,-0.39,0.02,-0.41,51.0,51.0,2026-03,3,2026Q1,True,28.4397173993262,1.8999999999999986,0.75,35-45c,25-30,50-75%,-1:+1F,YES_loss_near_model_or_adjacent
2026-03-15,KXHIGHNY-26MAR15-B47.5,47-48F,central,CORE,-31.19771745330772,NO,0.64,9AM,74.26,0.0480228254669228,True,True,False,44.77,fixed_weights,0.25,0.35,0.2,0.2,44.5,0.1000000000000014,45.2,0.5,False,-0.64,0.02,-0.66,48.0,48.0,2026-03,3,2026Q1,True,31.19771745330772,0.7000000000000028,3.229999999999997,55-65c,30-35,2-5%,+3:+5F,NO_loss_actual_hotter_than_model
2026-03-15,KXHIGHNY-26MAR15-T47,<=47F,wing_low,CORE,56.84072499323922,YES,0.38,9AM,91.0,0.9484072499323922,False,False,False,44.77,fixed_weights,0.25,0.35,0.2,0.2,44.5,0.1000000000000014,45.2,0.5,False,-0.38,0.02,-0.4,48.0,48.0,2026-03,3,2026Q1,True,56.84072499323922,0.7000000000000028,3.229999999999997,35-45c,50+,75-100%,+3:+5F,YES_loss_lower_tail_missed
2026-03-20,KXHIGHNY-26MAR20-B57.5,57-58F,central,CORE,-30.352503254833884,NO,0.65,9AM,66.47,0.0464749674516611,True,True,False,54.745,fixed_weights,0.25,0.35,0.2,0.2,54.75,2.049999999999997,55.25,1.1499999999999986,False,-0.65,0.02,-0.67,57.0,57.0,2026-03,3,2026Q1,True,30.352503254833884,0.5,2.2550000000000026,55-65c,30-35,2-5%,+1:+3F,NO_loss_actual_hotter_than_model
2026-03-21,KXHIGHNY-26MAR21-B55.5,55-56F,central,CORE,21.214378277404816,YES,0.31,9AM,51.62,0.5221437827740482,False,False,False,56.629999999999995,fixed_weights,0.25,0.35,0.2,0.2,57.3,0.9000000000000021,55.85,0.25,False,-0.31,0.02,-0.33,59.0,59.0,2026-03,3,2026Q1,True,21.214378277404816,1.4499999999999957,2.3700000000000045,25-35c,20-25,50-75%,+1:+3F,YES_loss_actual_hotter_than_model
2026-03-22,KXHIGHNY-26MAR22-B62.5,62-63F,central,CORE,-29.082350323382183,NO,0.6699999999999999,9AM,67.11,0.0391764967661781,True,True,False,59.615,fixed_weights,0.25,0.35,0.2,0.2,59.45,0.6500000000000021,59.7,2.599999999999998,False,-0.6699999999999999,0.02,-0.69,63.0,63.0,2026-03,3,2026Q1,True,29.082350323382183,0.25,3.384999999999998,65-75c,25-30,2-5%,+3:+5F,NO_loss_actual_hotter_than_model
2026-03-26,KXHIGHNY-26MAR26-B71.5,71-72F,central,CORE,45.93102026637046,YES,0.25,9AM,71.67,0.7093102026637046,False,False,False,72.135,fixed_weights,0.25,0.35,0.2,0.2,72.95,2.950000000000003,71.65,0.1499999999999985,False,-0.25,0.02,-0.27,76.0,76.0,2026-03,3,2026Q1,True,45.93102026637046,1.2999999999999972,3.864999999999995,<25c,40-50,50-75%,+3:+5F,YES_loss_actual_hotter_than_model
2026-03-26,KXHIGHNY-26MAR26-T72,>72F,wing_high,CORE,-41.64764823371348,NO,0.3,9AM,76.67,0.2835235176628651,True,True,False,72.135,fixed_weights,0.25,0.35,0.2,0.2,72.95,2.950000000000003,71.65,0.1499999999999985,False,-0.3,0.02,-0.32,76.0,76.0,2026-03,3,2026Q1,True,41.64764823371348,1.2999999999999972,3.864999999999995,25-35c,40-50,25-50%,+3:+5F,NO_loss_hot_upper_tail_hit
2026-03-28,KXHIGHNY-26MAR28-B44.5,44-45F,central,CORE,-31.297045191034737,NO,0.51,9AM,67.06,0.1770295480896526,True,True,False,42.8,fixed_weights,0.25,0.35,0.2,0.2,43.0,0.6000000000000014,42.65,0.25,False,-0.51,0.02,-0.53,44.0,44.0,2026-03,3,2026Q1,True,31.297045191034737,0.3500000000000014,1.2000000000000028,45-55c,30-35,10-25%,+1:+3F,NO_loss_bracket_hit
2026-04-01,KXHIGHNY-26APR01-T79,>79F,wing_high,DEEP_TAIL_NO,-12.195011767806218,NO,0.89,9AM,30.26,0.0080498823219378,True,True,False,76.375,fixed_weights,0.25,0.35,0.2,0.2,79.15,0.5500000000000043,72.35,1.75,False,-0.89,0.01,-0.9,80.0,80.0,2026-04,4,2026Q2,True,12.195011767806218,6.800000000000011,3.625,>75c,0-15,0.5-1%,+3:+5F,NO_loss_hot_upper_tail_hit
2026-04-04,KXHIGHNY-26APR04-B70.5,70-71F,central,CORE,23.910464115713054,YES,0.34,9AM,49.88,0.5791046411571306,False,False,False,69.97999999999999,fixed_weights,0.25,0.35,0.2,0.2,70.80000000000001,0.3999999999999986,68.65,0.25,False,-0.34,0.02,-0.36,73.0,73.0,2026-04,4,2026Q2,True,23.910464115713054,2.1500000000000057,3.0200000000000102,25-35c,20-25,50-75%,+3:+5F,YES_loss_actual_hotter_than_model
2026-04-06,KXHIGHNY-26APR06-B56.5,56-57F,central,CORE,-33.912387304074436,NO,0.56,9AM,64.55,0.1008761269592556,True,True,False,54.345000000000006,fixed_weights,0.25,0.35,0.2,0.2,54.75,0.4500000000000028,53.849999999999994,0.5500000000000007,False,-0.56,0.02,-0.5800000000000001,56.0,56.0,2026-04,4,2026Q2,True,33.912387304074436,0.9000000000000057,1.654999999999994,55-65c,30-35,10-25%,+1:+3F,NO_loss_bracket_hit
2026-04-10,KXHIGHNY-26APR10-B63.5,63-64F,central,CORE,-30.893882992790537,NO,0.5700000000000001,9AM,49.19,0.1210611700720946,True,True,False,61.489999999999995,fixed_weights,0.25,0.35,0.2,0.2,62.1,0.1000000000000014,60.55,2.349999999999998,False,-0.5700000000000001,0.02,-0.5900000000000001,63.0,63.0,2026-04,4,2026Q2,True,30.893882992790537,1.5500000000000043,1.5100000000000051,55-65c,30-35,10-25%,+1:+3F,NO_loss_bracket_hit
2026-04-11,KXHIGHNY-26APR11-B61.5,61-62F,central,CORE,23.14821913272877,YES,0.35,9AM,56.86,0.5814821913272876,False,False,False,62.495,fixed_weights,0.25,0.35,0.2,0.2,63.05,0.1500000000000021,61.7,0.5,False,-0.35,0.02,-0.37,63.0,63.0,2026-04,4,2026Q2,True,23.14821913272877,1.3499999999999943,0.5050000000000026,25-35c,20-25,50-75%,-1:+1F,YES_loss_near_model_or_adjacent
2026-04-17,KXHIGHNY-26APR17-B77.5,77-78F,central,CORE,34.38805411018024,YES,0.39,9AM,58.85,0.7338805411018025,False,False,False,78.035,fixed_weights,0.25,0.35,0.2,0.2,78.95,0.25,76.6,1.3000000000000045,False,-0.39,0.02,-0.41,81.0,81.0,2026-04,4,2026Q2,True,34.38805411018024,2.3500000000000085,2.9650000000000034,35-45c,30-35,50-75%,+1:+3F,YES_loss_actual_hotter_than_model
2026-04-17,KXHIGHNY-26APR17-B81.5,81-82F,central,DEEP_TAIL_NO,-7.184771206549737,NO,0.93,9AM,26.33,0.0181522879345026,True,True,False,78.035,fixed_weights,0.25,0.35,0.2,0.2,78.95,0.25,76.6,1.3000000000000045,False,-0.93,0.01,-0.94,81.0,81.0,2026-04,4,2026Q2,True,7.184771206549737,2.3500000000000085,2.9650000000000034,>75c,0-15,1-2%,+1:+3F,NO_loss_actual_hotter_than_model
2026-04-21,KXHIGHNY-26APR21-B51.5,51-52F,central,CORE,50.686837142829944,YES,0.26,9AM,87.67,0.7668683714282994,False,False,False,51.765,fixed_weights,0.25,0.35,0.2,0.2,51.95,1.25,51.8,0.5,False,-0.26,0.02,-0.28,54.0,54.0,2026-04,4,2026Q2,True,50.686837142829944,0.15000000000000568,2.2349999999999994,25-35c,50+,75-100%,+1:+3F,YES_loss_actual_hotter_than_model
