date,ticker,model_name,bracket_type,direction,entry_price,gap_pp,win,net
2025-02-04,KXHIGHNY-25FEB04-T47,GUMBEL,wing_high,NO,0.28,-71.43302634268316,True,0.7
2025-02-11,KXHIGHNY-25FEB11-B36.5,GUMBEL,central,NO,0.54,-44.36855640827701,True,0.43999999999999995
2025-02-11,KXHIGHNY-25FEB11-B34.5,EMOS,central,NO,0.71,-20.18104874482583,False,-0.73
2025-02-11,KXHIGHNY-25FEB11-B36.5,RF_DISTRIBUTION,central,NO,0.54,-21.000000000000004,True,0.43999999999999995
2025-02-18,KXHIGHNY-25FEB18-B27.5,HGBR_QUANTILE,central,NO,0.4,-57.237569060773474,False,-0.42000000000000004
2025-02-25,KXHIGHNY-25FEB25-B56.5,RF_DISTRIBUTION,central,NO,0.71,-21.105263157894733,False,-0.73
2025-02-25,KXHIGHNY-25FEB25-B56.5,HGBR_QUANTILE,central,YES,0.29,23.688172043010752,True,0.69
2025-03-04,KXHIGHNY-25MAR04-B51.5,GUMBEL,central,YES,0.26,46.12536385412579,True,0.72
2025-03-04,KXHIGHNY-25MAR04-B53.5,GUMBEL,central,NO,0.5700000000000001,-32.32205950647073,True,0.4099999999999999
2025-03-04,KXHIGHNY-25MAR04-T54,GUMBEL,wing_high,NO,0.6799999999999999,-31.178640513927654,True,0.30000000000000004
2025-03-04,KXHIGHNY-25MAR04-B51.5,EMOS,central,NO,0.74,-21.939090190086542,False,-0.76
2025-03-04,KXHIGHNY-25MAR04-T54,EMOS,wing_high,YES,0.32,26.47932097363847,False,-0.34
2025-03-04,KXHIGHNY-25MAR04-B51.5,HGBR_QUANTILE,central,NO,0.74,-23.718631178707223,False,-0.76
2025-03-11,KXHIGHNY-25MAR11-B64.5,RF_DISTRIBUTION,central,NO,0.5700000000000001,-28.714285714285715,False,-0.5900000000000001
2025-03-18,KXHIGHNY-25MAR18-B58.5,GUMBEL,central,YES,0.36,40.70441462159064,False,-0.38
2025-03-18,KXHIGHNY-25MAR18-B60.5,GUMBEL,central,NO,0.61,-22.23043530592551,False,-0.63
2025-03-18,KXHIGHNY-25MAR18-B58.5,EMOS,central,NO,0.64,-23.655095518785814,True,0.33999999999999997
2025-03-18,KXHIGHNY-25MAR18-B60.5,EMOS,central,YES,0.39,27.662223532454277,True,0.59
2025-03-18,KXHIGHNY-25MAR18-B58.5,HGBR_QUANTILE,central,NO,0.64,-27.794871794871796,True,0.33999999999999997
2025-03-18,KXHIGHNY-25MAR18-B60.5,HGBR_QUANTILE,central,NO,0.61,-30.7948717948718,False,-0.63
2025-03-25,KXHIGHNY-25MAR25-B57.5,RF_DISTRIBUTION,central,YES,0.48,32.00000000000001,True,0.5
2025-04-01,KXHIGHNY-25APR01-B57.5,GUMBEL,central,NO,0.42000000000000004,-23.441757411989165,False,-0.44000000000000006
2025-04-01,KXHIGHNY-25APR01-B59.5,GUMBEL,central,YES,0.37,21.51945720474012,False,-0.39
2025-04-01,KXHIGHNY-25APR01-B57.5,HGBR_QUANTILE,central,NO,0.42000000000000004,-43.410334346504555,False,-0.44000000000000006
2025-04-01,KXHIGHNY-25APR01-B59.5,HGBR_QUANTILE,central,NO,0.63,-31.52887537993921,True,0.35
2025-04-15,KXHIGHNY-25APR15-B66.5,EMOS,central,NO,0.54,-45.40680319888746,True,0.43999999999999995
2025-04-15,KXHIGHNY-25APR15-B66.5,HGBR_QUANTILE,central,NO,0.54,-43.2972972972973,True,0.43999999999999995
2025-04-22,KXHIGHNY-25APR22-B78.5,GUMBEL,central,YES,0.47,22.34297519212124,False,-0.49
2025-04-22,KXHIGHNY-25APR22-B78.5,EMOS,central,NO,0.53,-31.01149398778863,True,0.44999999999999996
2025-04-22,KXHIGHNY-25APR22-B78.5,HGBR_QUANTILE,central,NO,0.53,-41.782608695652165,True,0.44999999999999996
2025-04-29,KXHIGHNY-25APR29-B78.5,GUMBEL,central,YES,0.25,47.12536385412614,True,0.73
2025-04-29,KXHIGHNY-25APR29-B82.5,GUMBEL,central,NO,0.71,-28.234307408084685,True,0.27
2025-04-29,KXHIGHNY-25APR29-B82.5,EMOS,central,NO,0.71,-27.74584107636261,True,0.27
2025-04-29,KXHIGHNY-25APR29-B82.5,RF_DISTRIBUTION,central,NO,0.71,-26.222222222222218,True,0.27
2025-04-29,KXHIGHNY-25APR29-B82.5,HGBR_QUANTILE,central,NO,0.71,-28.999999999999996,True,0.27
2025-05-06,KXHIGHNY-25MAY06-B64.5,GUMBEL,central,YES,0.44,32.17325936091274,True,0.54
2025-05-06,KXHIGHNY-25MAY06-B66.5,HGBR_QUANTILE,central,NO,0.72,-21.442622950819676,True,0.26
2025-05-20,KXHIGHNY-25MAY20-B66.5,GUMBEL,central,YES,0.49,27.44802520094769,True,0.49
2025-05-20,KXHIGHNY-25MAY20-B68.5,GUMBEL,central,NO,0.64,-21.15150648626598,True,0.33999999999999997
2025-05-20,KXHIGHNY-25MAY20-B66.5,RF_DISTRIBUTION,central,NO,0.51,-41.45283018867924,False,-0.53
2025-05-20,KXHIGHNY-25MAY20-B68.5,RF_DISTRIBUTION,central,YES,0.36,41.358490566037744,False,-0.38
2025-05-20,KXHIGHNY-25MAY20-B66.5,HGBR_QUANTILE,central,NO,0.51,-45.8,False,-0.53
2025-05-27,KXHIGHNY-25MAY27-B75.5,GUMBEL,central,YES,0.46,30.261461025455645,False,-0.48000000000000004
2025-05-27,KXHIGHNY-25MAY27-B73.5,RF_DISTRIBUTION,central,NO,0.54,-33.17948717948718,False,-0.56
2025-05-27,KXHIGHNY-25MAY27-B75.5,RF_DISTRIBUTION,central,NO,0.54,-30.615384615384617,True,0.43999999999999995
2025-05-27,KXHIGHNY-25MAY27-B73.5,HGBR_QUANTILE,central,NO,0.54,-40.52449567723343,False,-0.56
2025-05-27,KXHIGHNY-25MAY27-B75.5,HGBR_QUANTILE,central,NO,0.54,-40.52449567723343,True,0.43999999999999995
2025-06-03,KXHIGHNY-25JUN03-B78.5,EMOS,central,NO,0.6,-30.39871792254896,False,-0.62
2025-06-03,KXHIGHNY-25JUN03-B80.5,EMOS,central,YES,0.3,26.46389591920681,False,-0.32
2025-06-03,KXHIGHNY-25JUN03-B78.5,RF_DISTRIBUTION,central,NO,0.6,-33.75,False,-0.62
2025-06-03,KXHIGHNY-25JUN03-B78.5,HGBR_QUANTILE,central,NO,0.6,-34.411764705882355,False,-0.62
2025-06-03,KXHIGHNY-25JUN03-B80.5,HGBR_QUANTILE,central,NO,0.7,-21.76470588235294,True,0.28
2025-06-10,KXHIGHNY-25JUN10-B75.5,GUMBEL,central,YES,0.31,34.6268751394528,False,-0.33
2025-06-10,KXHIGHNY-25JUN10-B77.5,EMOS,central,NO,0.54,-43.53248236678817,True,0.43999999999999995
2025-06-10,KXHIGHNY-25JUN10-B77.5,RF_DISTRIBUTION,central,NO,0.54,-43.82608695652174,True,0.43999999999999995
2025-06-10,KXHIGHNY-25JUN10-B77.5,HGBR_QUANTILE,central,NO,0.54,-46.0,True,0.43999999999999995
2025-06-17,KXHIGHNY-25JUN17-B71.5,GUMBEL,central,NO,0.7,-27.993933140478262,True,0.28
2025-06-17,KXHIGHNY-25JUN17-B69.5,EMOS,central,NO,0.6599999999999999,-24.93574229465069,True,0.32000000000000006
2025-06-17,KXHIGHNY-25JUN17-B71.5,EMOS,central,NO,0.7,-29.738436426108557,True,0.28
2025-06-17,KXHIGHNY-25JUN17-B69.5,RF_DISTRIBUTION,central,NO,0.6599999999999999,-29.000000000000004,True,0.32000000000000006
2025-06-17,KXHIGHNY-25JUN17-B71.5,RF_DISTRIBUTION,central,NO,0.7,-30.0,True,0.28
2025-06-17,KXHIGHNY-25JUN17-B69.5,HGBR_QUANTILE,central,NO,0.6599999999999999,-26.52577319587629,True,0.32000000000000006
2025-06-17,KXHIGHNY-25JUN17-B71.5,HGBR_QUANTILE,central,NO,0.7,-28.96907216494845,True,0.28
2025-06-24,KXHIGHNY-25JUN24-B98.5,GUMBEL,central,NO,0.6599999999999999,-33.620929637059625,False,-0.6799999999999999
2025-06-24,KXHIGHNY-25JUN24-B100.5,RF_DISTRIBUTION,central,NO,0.49,-51.0,True,0.49
2025-06-24,KXHIGHNY-25JUN24-B98.5,RF_DISTRIBUTION,central,NO,0.6599999999999999,-34.0,False,-0.6799999999999999
2025-06-24,KXHIGHNY-25JUN24-B100.5,HGBR_QUANTILE,central,NO,0.49,-51.0,True,0.49
2025-06-24,KXHIGHNY-25JUN24-B98.5,HGBR_QUANTILE,central,NO,0.6599999999999999,-34.0,False,-0.6799999999999999
2025-07-01,KXHIGHNY-25JUL01-B86.5,GUMBEL,central,NO,0.7,-29.999397390177627,True,0.28
2025-07-01,KXHIGHNY-25JUL01-B86.5,EMOS,central,NO,0.7,-29.286787075586908,True,0.28
2025-07-01,KXHIGHNY-25JUL01-B88.5,EMOS,central,NO,0.5800000000000001,-24.004327105764762,False,-0.6000000000000001
2025-07-01,KXHIGHNY-25JUL01-B86.5,RF_DISTRIBUTION,central,NO,0.7,-23.333333333333332,True,0.28
2025-07-01,KXHIGHNY-25JUL01-B86.5,HGBR_QUANTILE,central,NO,0.7,-27.527472527472526,True,0.28
2025-07-08,KXHIGHNY-25JUL08-B90.5,GUMBEL,central,NO,0.73,-27.0,True,0.25
2025-07-08,KXHIGHNY-25JUL08-B92.5,GUMBEL,central,NO,0.5700000000000001,-40.7563763650631,False,-0.5900000000000001
2025-07-08,KXHIGHNY-25JUL08-B90.5,EMOS,central,NO,0.73,-26.4925260431781,True,0.25
2025-07-08,KXHIGHNY-25JUL08-B92.5,EMOS,central,NO,0.5700000000000001,-28.30221180753016,False,-0.5900000000000001
2025-07-08,KXHIGHNY-25JUL08-B92.5,RF_DISTRIBUTION,central,NO,0.5700000000000001,-25.926829268292686,False,-0.5900000000000001
2025-07-08,KXHIGHNY-25JUL08-B90.5,HGBR_QUANTILE,central,NO,0.73,-22.64032697547684,True,0.25
2025-07-08,KXHIGHNY-25JUL08-B92.5,HGBR_QUANTILE,central,NO,0.5700000000000001,-40.275204359673026,False,-0.5900000000000001
2025-07-15,KXHIGHNY-25JUL15-B84.5,GUMBEL,central,YES,0.5,26.660694223196735,False,-0.52
2025-07-15,KXHIGHNY-25JUL15-B86.5,GUMBEL,central,NO,0.62,-22.312550649488728,False,-0.64
2025-07-15,KXHIGHNY-25JUL15-B84.5,HGBR_QUANTILE,central,NO,0.5,-44.78260869565217,True,0.48
2025-07-15,KXHIGHNY-25JUL15-B86.5,HGBR_QUANTILE,central,NO,0.62,-32.78260869565217,False,-0.64
2025-07-22,KXHIGHNY-25JUL22-B80.5,GUMBEL,central,YES,0.43,21.723514626196643,True,0.55
2025-07-22,KXHIGHNY-25JUL22-B80.5,HGBR_QUANTILE,central,NO,0.5700000000000001,-33.96209912536443,False,-0.5900000000000001
2025-07-29,KXHIGHNY-25JUL29-B95.5,GUMBEL,central,NO,0.65,-34.99997777037014,True,0.32999999999999996
2025-07-29,KXHIGHNY-25JUL29-B95.5,RF_DISTRIBUTION,central,NO,0.65,-31.0,True,0.32999999999999996
2025-07-29,KXHIGHNY-25JUL29-B97.5,RF_DISTRIBUTION,central,NO,0.48,-52.0,False,-0.5
2025-07-29,KXHIGHNY-25JUL29-B95.5,HGBR_QUANTILE,central,NO,0.65,-32.12041884816754,True,0.32999999999999996
2025-07-29,KXHIGHNY-25JUL29-B97.5,HGBR_QUANTILE,central,NO,0.48,-52.0,False,-0.5
2025-08-05,KXHIGHNY-25AUG05-B87.5,EMOS,central,NO,0.7,-27.321889658042814,True,0.28
2025-08-05,KXHIGHNY-25AUG05-B85.5,RF_DISTRIBUTION,central,NO,0.37,-63.0,False,-0.39
2025-08-05,KXHIGHNY-25AUG05-B85.5,HGBR_QUANTILE,central,NO,0.37,-48.54913294797688,False,-0.39
2025-08-05,KXHIGHNY-25AUG05-B87.5,HGBR_QUANTILE,central,NO,0.7,-29.710982658959534,True,0.28
2025-08-12,KXHIGHNY-25AUG12-B90.5,RF_DISTRIBUTION,central,NO,0.45999999999999996,-54.0,False,-0.48
2025-08-12,KXHIGHNY-25AUG12-B88.5,HGBR_QUANTILE,central,NO,0.63,-31.508670520231213,True,0.35
2025-08-12,KXHIGHNY-25AUG12-B90.5,HGBR_QUANTILE,central,NO,0.45999999999999996,-49.08670520231214,False,-0.48
2025-08-19,KXHIGHNY-25AUG19-B77.5,GUMBEL,central,NO,0.63,-20.53187322209471,False,-0.65
2025-08-19,KXHIGHNY-25AUG19-B77.5,RF_DISTRIBUTION,central,NO,0.63,-26.18918918918919,False,-0.65
2025-08-19,KXHIGHNY-25AUG19-B75.5,HGBR_QUANTILE,central,NO,0.43000000000000005,-47.68825910931174,True,0.5499999999999999
2025-08-19,KXHIGHNY-25AUG19-B77.5,HGBR_QUANTILE,central,NO,0.63,-30.927125506072873,False,-0.65
2025-08-26,KXHIGHNY-25AUG26-B81.5,GUMBEL,central,NO,0.71,-21.083771821826264,True,0.27
2025-08-26,KXHIGHNY-25AUG26-B79.5,RF_DISTRIBUTION,central,YES,0.6,34.736842105263165,True,0.38
2025-08-26,KXHIGHNY-25AUG26-B81.5,RF_DISTRIBUTION,central,NO,0.71,-26.368421052631575,True,0.27
2025-08-26,KXHIGHNY-25AUG26-B79.5,HGBR_QUANTILE,central,NO,0.4,-31.071428571428573,False,-0.42000000000000004
2025-08-26,KXHIGHNY-25AUG26-B81.5,HGBR_QUANTILE,central,NO,0.71,-26.857142857142858,True,0.27
2025-09-08,KXHIGHNY-25SEP08-B72.5,HGBR_QUANTILE,central,NO,0.4,-48.888888888888886,False,-0.42000000000000004
2025-09-15,KXHIGHNY-25SEP15-B79.5,RF_DISTRIBUTION,central,YES,0.68,28.428571428571423,True,0.29999999999999993
2025-09-15,KXHIGHNY-25SEP15-B79.5,HGBR_QUANTILE,central,NO,0.31999999999999995,-32.86486486486487,False,-0.33999999999999997
2025-09-22,KXHIGHNY-25SEP22-B74.5,GUMBEL,central,NO,0.42000000000000004,-54.69988508636596,True,0.5599999999999999
2025-09-22,KXHIGHNY-25SEP22-B74.5,EMOS,central,NO,0.42000000000000004,-52.31252075043634,True,0.5599999999999999
2025-09-22,KXHIGHNY-25SEP22-B74.5,RF_DISTRIBUTION,central,NO,0.42000000000000004,-57.99999999999999,True,0.5599999999999999
2025-09-22,KXHIGHNY-25SEP22-B74.5,HGBR_QUANTILE,central,NO,0.42000000000000004,-49.42011834319526,True,0.5599999999999999
2025-09-29,KXHIGHNY-25SEP29-B79.5,GUMBEL,central,NO,0.38,-57.16616527480194,True,0.6
2025-09-29,KXHIGHNY-25SEP29-B79.5,EMOS,central,NO,0.38,-56.603190318718454,True,0.6
2025-09-29,KXHIGHNY-25SEP29-B79.5,RF_DISTRIBUTION,central,NO,0.38,-52.38461538461539,True,0.6
2025-09-29,KXHIGHNY-25SEP29-B79.5,HGBR_QUANTILE,central,NO,0.38,-58.69669669669669,True,0.6
2025-10-06,KXHIGHNY-25OCT06-B81.5,GUMBEL,central,NO,0.6699999999999999,-27.271608283465127,True,0.31000000000000005
2025-10-06,KXHIGHNY-25OCT06-B81.5,EMOS,central,NO,0.6699999999999999,-22.87991001418881,True,0.31000000000000005
2025-10-06,KXHIGHNY-25OCT06-B79.5,RF_DISTRIBUTION,central,YES,0.47,53.0,True,0.51
2025-10-06,KXHIGHNY-25OCT06-B81.5,RF_DISTRIBUTION,central,NO,0.6699999999999999,-33.0,True,0.31000000000000005
2025-10-06,KXHIGHNY-25OCT06-B81.5,HGBR_QUANTILE,central,NO,0.6699999999999999,-33.0,True,0.31000000000000005
2025-10-13,KXHIGHNY-25OCT13-B58.5,EMOS,central,NO,0.54,-20.26862510781778,False,-0.56
2025-10-13,KXHIGHNY-25OCT13-B58.5,RF_DISTRIBUTION,central,YES,0.46,21.391304347826086,True,0.52
2025-10-27,KXHIGHNY-25OCT27-B54.5,GUMBEL,central,YES,0.29,40.64328246108229,True,0.69
2025-10-27,KXHIGHNY-25OCT27-B56.5,GUMBEL,central,NO,0.39,-33.53289448238805,True,0.59
2025-10-27,KXHIGHNY-25OCT27-B54.5,RF_DISTRIBUTION,central,YES,0.29,32.53846153846155,True,0.69
2025-10-27,KXHIGHNY-25OCT27-B56.5,RF_DISTRIBUTION,central,NO,0.39,-26.384615384615383,True,0.59
2025-10-27,KXHIGHNY-25OCT27-B56.5,HGBR_QUANTILE,central,NO,0.39,-42.04838709677419,True,0.59
2026-01-17,KXHIGHNY-26JAN17-B38.5,GUMBEL,central,NO,0.5,-42.576959056758724,False,-0.52
2026-01-17,KXHIGHNY-26JAN17-B40.5,GUMBEL,central,NO,0.6699999999999999,-32.47778132342265,True,0.31000000000000005
2026-01-17,KXHIGHNY-26JAN17-B40.5,RF_DISTRIBUTION,central,NO,0.6699999999999999,-28.348837209302324,True,0.31000000000000005
2026-01-24,KXHIGHNY-26JAN24-B18.5,RF_DISTRIBUTION,central,NO,0.48,-52.0,True,0.5
2026-01-24,KXHIGHNY-26JAN24-B18.5,HGBR_QUANTILE,central,NO,0.48,-52.0,True,0.5
2026-01-31,KXHIGHNY-26JAN31-B23.5,GUMBEL,central,NO,0.64,-33.07043804376523,False,-0.66
2026-01-31,KXHIGHNY-26JAN31-B21.5,EMOS,central,NO,0.53,-25.307871397237374,True,0.44999999999999996
2026-01-31,KXHIGHNY-26JAN31-B23.5,EMOS,central,YES,0.36,25.740381827762103,True,0.62
2026-01-31,KXHIGHNY-26JAN31-B21.5,HGBR_QUANTILE,central,NO,0.53,-43.65738161559889,True,0.44999999999999996
2026-01-31,KXHIGHNY-26JAN31-B23.5,HGBR_QUANTILE,central,NO,0.64,-32.37883008356546,False,-0.66
2026-02-14,KXHIGHNY-26FEB14-B44.5,GUMBEL,central,NO,0.41000000000000003,-45.62745243047398,True,0.57
2026-02-14,KXHIGHNY-26FEB14-B46.5,GUMBEL,central,NO,0.73,-26.025269201085255,False,-0.75
2026-02-14,KXHIGHNY-26FEB14-B44.5,RF_DISTRIBUTION,central,NO,0.41000000000000003,-59.0,True,0.57
2026-02-14,KXHIGHNY-26FEB14-B46.5,RF_DISTRIBUTION,central,NO,0.73,-20.877551020408163,False,-0.75
2026-02-14,KXHIGHNY-26FEB14-B44.5,HGBR_QUANTILE,central,NO,0.41000000000000003,-41.407407407407405,True,0.57
2026-02-21,KXHIGHNY-26FEB21-B47.5,GUMBEL,central,NO,0.6599999999999999,-23.322059506470733,True,0.32000000000000006
2026-02-21,KXHIGHNY-26FEB21-B45.5,HGBR_QUANTILE,central,NO,0.45999999999999996,-48.800000000000004,False,-0.48
2026-02-21,KXHIGHNY-26FEB21-B47.5,HGBR_QUANTILE,central,NO,0.6599999999999999,-28.000000000000004,True,0.32000000000000006
2026-02-28,KXHIGHNY-26FEB28-B50.5,GUMBEL,central,NO,0.6599999999999999,-33.8888832084648,True,0.32000000000000006
2026-02-28,KXHIGHNY-26FEB28-B50.5,RF_DISTRIBUTION,central,NO,0.6599999999999999,-31.777777777777782,True,0.32000000000000006
2026-03-14,KXHIGHNY-26MAR14-B49.5,GUMBEL,central,YES,0.39,28.439717399326202,False,-0.41000000000000003
2026-03-14,KXHIGHNY-26MAR14-B51.5,EMOS,central,YES,0.33,24.333285234436847,True,0.6499999999999999
2026-03-14,KXHIGHNY-26MAR14-B49.5,RF_DISTRIBUTION,central,NO,0.61,-33.73684210526316,True,0.37
2026-03-14,KXHIGHNY-26MAR14-B49.5,HGBR_QUANTILE,central,NO,0.61,-30.07142857142857,True,0.37
2026-03-14,KXHIGHNY-26MAR14-B51.5,HGBR_QUANTILE,central,NO,0.6699999999999999,-24.071428571428573,False,-0.69
2026-03-21,KXHIGHNY-26MAR21-B55.5,GUMBEL,central,YES,0.31,21.214378277404816,False,-0.33
2026-03-21,KXHIGHNY-26MAR21-B55.5,RF_DISTRIBUTION,central,NO,0.69,-31.0,True,0.29000000000000004
2026-03-21,KXHIGHNY-26MAR21-B57.5,RF_DISTRIBUTION,central,YES,0.42,58.00000000000001,False,-0.44
2026-03-21,KXHIGHNY-26MAR21-B55.5,HGBR_QUANTILE,central,NO,0.69,-21.21276595744681,True,0.29000000000000004
2026-03-28,KXHIGHNY-26MAR28-B44.5,GUMBEL,central,NO,0.51,-31.297045191034734,False,-0.53
2026-03-28,KXHIGHNY-26MAR28-B42.5,RF_DISTRIBUTION,central,NO,0.62,-26.88888888888889,True,0.36
2026-03-28,KXHIGHNY-26MAR28-B44.5,RF_DISTRIBUTION,central,NO,0.51,-45.2962962962963,False,-0.53
2026-03-28,KXHIGHNY-26MAR28-B44.5,HGBR_QUANTILE,central,NO,0.51,-30.56028368794326,False,-0.53
2026-04-04,KXHIGHNY-26APR04-B70.5,GUMBEL,central,YES,0.34,23.910464115713054,False,-0.36000000000000004
2026-04-04,KXHIGHNY-26APR04-B68.5,RF_DISTRIBUTION,central,NO,0.75,-25.0,True,0.23
2026-04-04,KXHIGHNY-26APR04-B70.5,HGBR_QUANTILE,central,NO,0.6599999999999999,-21.007874015748033,True,0.32000000000000006
2026-04-11,KXHIGHNY-26APR11-B61.5,GUMBEL,central,YES,0.35,23.148219132728766,False,-0.37
2026-04-11,KXHIGHNY-26APR11-B61.5,RF_DISTRIBUTION,central,NO,0.65,-26.891891891891888,True,0.32999999999999996
2026-04-11,KXHIGHNY-26APR11-B63.5,RF_DISTRIBUTION,central,YES,0.44,47.89189189189189,True,0.54
2026-04-11,KXHIGHNY-26APR11-B61.5,HGBR_QUANTILE,central,NO,0.65,-30.71428571428571,True,0.32999999999999996
2026-04-18,KXHIGHNY-26APR18-B65.5,GUMBEL,central,YES,0.27,41.191221824289435,True,0.71
2026-04-18,KXHIGHNY-26APR18-B65.5,EMOS,central,YES,0.27,25.64723701128999,True,0.71
2026-04-18,KXHIGHNY-26APR18-B67.5,EMOS,central,NO,0.56,-34.141245937336215,True,0.41999999999999993
2026-04-18,KXHIGHNY-26APR18-B67.5,RF_DISTRIBUTION,central,NO,0.56,-44.0,True,0.41999999999999993
2026-04-18,KXHIGHNY-26APR18-B65.5,HGBR_QUANTILE,central,YES,0.27,43.24539877300614,True,0.71
2026-04-18,KXHIGHNY-26APR18-B67.5,HGBR_QUANTILE,central,NO,0.56,-43.38650306748466,True,0.41999999999999993
