trades,trading_days,win_rate,profitable_days,profitable_day_rate,net_pnl,gross_pnl,sharpe,max_drawdown,avg_entry_price,median_entry_price,avg_return,strategy,timing,p_yes_max,yes_price_min,yes_price_max
912,414,0.9660087719298246,383,0.9251207729468599,56.510000000000005,67.19000000000001,0.2908870934828108,-14.979999999999999,0.8923355263157895,0.95,0.2421350989490412,DEEP_TAIL_NO,open,0.005,0.01,
726,381,0.9600550964187328,352,0.9238845144356955,58.510000000000005,67.32999999999998,0.3514578474730523,-13.979999999999999,0.8673140495867768,0.92,0.306952358487228,DEEP_TAIL_NO,open,0.005,0.03,
536,332,0.9533582089552238,307,0.9246987951807228,59.46,66.38,0.45128062708583133,-13.23,0.8295149253731343,0.89,0.41758239512514916,DEEP_TAIL_NO,open,0.005,0.05,
333,230,0.9279279279279279,206,0.8956521739130435,50.089999999999996,54.98,0.5012962111904808,-12.33,0.7628228228228228,0.84,0.641968582588553,DEEP_TAIL_NO,open,0.005,0.1,
209,159,0.9090909090909091,140,0.8805031446540881,42.959999999999994,46.61000000000001,0.61380685822614,-9.600000000000001,0.6860765550239234,0.73,0.9843367151790834,DEEP_TAIL_NO,open,0.005,0.15,
117,97,0.8461538461538461,79,0.8144329896907216,29.24,31.52,0.5764708108883901,-9.010000000000002,0.5767521367521367,0.63,1.6155908113900723,DEEP_TAIL_NO,open,0.005,0.25,
1022,428,0.9657534246575342,393,0.9182242990654206,67.22,79.30000000000001,0.3093991740809745,-14.689999999999998,0.888160469667319,0.94,0.2310618262677221,DEEP_TAIL_NO,open,0.01,0.01,
830,404,0.9614457831325302,372,0.9207920792079208,70.22,80.38000000000001,0.37757535962674554,-13.689999999999998,0.8646024096385544,0.92,0.28816324033242774,DEEP_TAIL_NO,open,0.01,0.03,
629,368,0.9554848966613673,340,0.9239130434782609,71.0,79.14999999999999,0.4738849993231482,-12.940000000000001,0.829650238473768,0.89,0.3815222722621589,DEEP_TAIL_NO,open,0.01,0.05,
398,270,0.9346733668341709,244,0.9037037037037037,61.13999999999999,66.97999999999999,0.5428571843759413,-12.23,0.7663819095477387,0.84,0.5763985871421564,DEEP_TAIL_NO,open,0.01,0.1,
251,189,0.9163346613545816,168,0.8888888888888888,51.68000000000001,56.05,0.6506739758184867,-9.6,0.6930278884462151,0.73,0.8714417604422138,DEEP_TAIL_NO,open,0.01,0.15,
142,116,0.8591549295774648,96,0.8275862068965517,35.43,38.21,0.6124398102677198,-8.940000000000001,0.5900704225352112,0.64,1.4013764331938454,DEEP_TAIL_NO,open,0.01,0.25,
1154,439,0.962738301559792,398,0.9066059225512528,79.78,93.67000000000002,0.31830043000086056,-14.200000000000001,0.8815684575389948,0.93,0.22053278893494616,DEEP_TAIL_NO,open,0.02,0.01,
952,429,0.9590336134453782,392,0.9137529137529138,83.78,95.65,0.3895566186393766,-13.200000000000001,0.858560924369748,0.91,0.27157063284803773,DEEP_TAIL_NO,open,0.02,0.03,
743,414,0.9528936742934051,381,0.9202898550724637,84.43,94.21000000000001,0.47539735958917934,-12.450000000000005,0.8260969044414536,0.89,0.34886077687740474,DEEP_TAIL_NO,open,0.02,0.05,
490,327,0.9326530612244898,296,0.9051987767584098,73.38,80.63,0.5339353526889228,-11.880000000000003,0.7681020408163265,0.83,0.5048061943341435,DEEP_TAIL_NO,open,0.02,0.1,
309,233,0.9158576051779935,209,0.8969957081545065,62.57999999999999,68.02,0.6561809729726222,-9.43,0.6957281553398058,0.73,0.7610875619194777,DEEP_TAIL_NO,open,0.02,0.15,
178,146,0.8651685393258427,123,0.8424657534246576,43.589999999999996,47.09,0.63196107207501,-8.940000000000001,0.6006179775280899,0.66,1.1911250393254875,DEEP_TAIL_NO,open,0.02,0.25,
1219,439,0.9573420836751435,390,0.8883826879271071,80.28,95.02000000000001,0.28806781499253586,-13.440000000000001,0.8793929450369156,0.92,0.21122006544222788,DEEP_TAIL_NO,open,0.03,0.01,
1012,429,0.9525691699604744,384,0.8951048951048951,84.28,96.94999999999999,0.3479170151185141,-12.440000000000001,0.8567687747035573,0.91,0.25841666384830025,DEEP_TAIL_NO,open,0.03,0.03,
799,417,0.9461827284105131,377,0.9040767386091128,85.88,96.41999999999999,0.425935378021026,-11.690000000000001,0.8255068836045055,0.89,0.3293556394552265,DEEP_TAIL_NO,open,0.03,0.05,
534,344,0.9269662921348315,308,0.8953488372093024,76.11,84.0,0.4916001859054908,-11.120000000000003,0.7696629213483146,0.83,0.4731216339581811,DEEP_TAIL_NO,open,0.03,0.1,
336,248,0.9077380952380952,220,0.8870967741935484,64.67999999999999,70.59,0.5974515730608894,-9.05,0.6976488095238095,0.725,0.7135479411438508,DEEP_TAIL_NO,open,0.03,0.15,
195,159,0.8666666666666667,134,0.8427672955974843,47.199999999999996,51.040000000000006,0.6293557612905003,-8.56,0.6049230769230769,0.66,1.1199184884090785,DEEP_TAIL_NO,open,0.03,0.25,
1332,441,0.9451951951951952,375,0.8503401360544217,80.61,96.99000000000001,0.24217858483188212,-12.360000000000003,0.8723798798798799,0.92,0.19655928164474662,DEEP_TAIL_NO,open,0.05,0.01,
1117,432,0.9400179051029544,371,0.8587962962962963,86.61,100.84,0.2985488738907081,-11.360000000000003,0.849740376007162,0.9,0.2398187727944571,DEEP_TAIL_NO,open,0.05,0.03,
895,425,0.9318435754189944,370,0.8705882352941177,89.06,101.07,0.36276294466433323,-10.610000000000003,0.8189162011173186,0.88,0.3021135928174326,DEEP_TAIL_NO,open,0.05,0.05,
614,377,0.9104234527687296,328,0.870026525198939,80.49,89.69,0.4210651306509018,-10.040000000000006,0.7643485342019544,0.82,0.42540697025646,DEEP_TAIL_NO,open,0.05,0.1,
395,284,0.8962025316455696,249,0.8767605633802817,73.00999999999999,80.02,0.5594476132043739,-8.190000000000001,0.6936202531645569,0.72,0.6397981302725184,DEEP_TAIL_NO,open,0.05,0.15,
236,187,0.8559322033898306,157,0.839572192513369,54.56999999999999,59.22,0.599476118772832,-7.860000000000003,0.6049999999999999,0.645,0.9753355117906989,DEEP_TAIL_NO,open,0.05,0.25,
1467,443,0.9331970006816632,353,0.7968397291196389,82.49000000000001,100.97000000000001,0.2111516516717475,-12.13000000000001,0.864369461486026,0.92,0.1820490586198102,DEEP_TAIL_NO,open,0.1,0.01,
1244,437,0.927652733118971,354,0.8100686498855835,90.49000000000001,106.74,0.26448618153607273,-11.13000000000001,0.8418488745980708,0.9,0.22117908125085978,DEEP_TAIL_NO,open,0.1,0.03,
1016,434,0.9173228346456693,357,0.8225806451612904,92.85000000000001,106.81999999999998,0.3134947205802388,-10.380000000000003,0.8121850393700787,0.87,0.27319724952880126,DEEP_TAIL_NO,open,0.1,0.05,
717,415,0.8940027894002789,346,0.8337349397590361,85.29999999999998,96.28,0.3637899702436782,-9.940000000000005,0.759721059972106,0.81,0.3758059629540488,DEEP_TAIL_NO,open,0.1,0.1,
479,336,0.8747390396659708,283,0.8422619047619048,77.94999999999999,86.55000000000001,0.4640592346410991,-8.19,0.6940501043841337,0.72,0.545131945955649,DEEP_TAIL_NO,open,0.1,0.15,
296,236,0.8378378378378378,193,0.8177966101694916,60.42999999999999,66.28,0.5153531076613126,-8.020000000000001,0.6139189189189189,0.66,0.8100162725225575,DEEP_TAIL_NO,open,0.1,0.25,
123,97,0.7560975609756098,73,0.7525773195876289,35.09999999999999,37.48,0.623685826903603,-1.4399999999999977,0.45138211382113824,0.5,1.7350584378376142,TAIL_NO,open,0.2,0.45,
51,39,0.7647058823529411,29,0.7435897435897436,20.559999999999995,21.499999999999996,0.8772606278187401,-0.8800000000000008,0.34313725490196084,0.39,3.632136530665798,TAIL_NO,open,0.2,0.55,
12,10,0.75,7,0.7,7.27,7.43,1.1578285485707758,-0.6900000000000002,0.13083333333333336,0.08000000000000007,12.70977806915306,TAIL_NO,open,0.2,0.65,
10,8,0.9,7,0.875,7.96,8.08,2.6026726225181878,-0.040000000000000036,0.09200000000000003,0.06000000000000005,15.464044289044278,TAIL_NO,open,0.2,0.75,
138,107,0.7463768115942029,81,0.7570093457943925,38.589999999999996,41.239999999999995,0.615071484117419,-1.4399999999999977,0.447536231884058,0.505,1.6991458029755266,TAIL_NO,open,0.3,0.45,
56,44,0.7321428571428571,31,0.7045454545454546,21.509999999999994,22.519999999999996,0.8220997466190006,-0.9199999999999999,0.33000000000000007,0.39,3.6010925943960337,TAIL_NO,open,0.3,0.55,
15,13,0.6666666666666666,8,0.6153846153846154,8.13,8.319999999999999,1.0273757437215492,-0.69,0.11200000000000003,0.050000000000000044,11.243378010878,TAIL_NO,open,0.3,0.65,
13,11,0.7692307692307693,8,0.7272727272727273,8.82,8.97,1.629310653716195,-0.08000000000000007,0.07923076923076924,0.040000000000000036,13.136444324905852,TAIL_NO,open,0.3,0.75,
145,114,0.7379310344827587,85,0.7456140350877193,39.14999999999999,41.94,0.5903941421529597,-1.4399999999999977,0.4486896551724138,0.5,1.6232905598656417,TAIL_NO,open,0.4,0.45,
59,47,0.711864406779661,32,0.6808510638297872,21.239999999999995,22.309999999999995,0.7506406367072711,-0.9900000000000002,0.33372881355932216,0.39,3.4080743517182945,TAIL_NO,open,0.4,0.55,
15,13,0.6666666666666666,8,0.6153846153846154,8.13,8.319999999999999,1.0273757437215492,-0.69,0.11200000000000003,0.050000000000000044,11.243378010878,TAIL_NO,open,0.4,0.65,
13,11,0.7692307692307693,8,0.7272727272727273,8.82,8.97,1.629310653716195,-0.08000000000000007,0.07923076923076924,0.040000000000000036,13.136444324905852,TAIL_NO,open,0.4,0.75,
240,175,1.0,175,1.0,2.0816681711721685e-15,2.400000000000002,0.0,0.0,0.9900000000000001,0.99,8.761229676650542e-18,NEAR_CONFIRMED_NO,open,0.005,,0.01
426,292,0.9953051643192489,290,0.9931506849315068,-1.9999999999999967,2.260000000000004,-0.06859962395241903,-2.0,0.99,0.99,-0.004742258263385016,NEAR_CONFIRMED_NO,open,0.005,,0.03
616,380,0.9902597402597403,374,0.9842105263157894,-2.949999999999992,3.2100000000000084,-0.04889629464790757,-3.099999999999994,0.9850487012987013,0.99,-0.004865184327198736,NEAR_CONFIRMED_NO,open,0.005,,0.05
697,398,0.9899569583931134,391,0.9824120603015075,-1.1499999999999897,5.820000000000012,-0.016534476546840614,-3.4699999999999993,0.9816068866571019,0.99,-0.0016021382893252225,NEAR_CONFIRMED_NO,open,0.005,,0.1
249,177,0.9959839357429718,176,0.9943502824858758,-0.999999999999998,1.4900000000000022,-0.06337242505244767,-1.0,0.9900000000000001,0.99,-0.004056630562654651,NEAR_CONFIRMED_NO,open,0.01,,0.01
441,295,0.9909297052154195,291,0.9864406779661017,-3.9999999999999964,0.4100000000000039,-0.09556444032430425,-4.0,0.9900000000000001,0.99,-0.009161913923818679,NEAR_CONFIRMED_NO,open,0.01,,0.03
642,384,0.9875389408099688,376,0.9791666666666666,-4.779999999999992,1.640000000000009,-0.06714851898955722,-4.929999999999994,0.9849844236760124,0.99,-0.007542716226459486,NEAR_CONFIRMED_NO,open,0.01,,0.05
733,403,0.9877216916780355,394,0.9776674937965261,-2.6199999999999894,4.710000000000012,-0.03234502815717517,-3.6599999999999997,0.9812960436562075,0.99,-0.003525960546445949,NEAR_CONFIRMED_NO,open,0.01,,0.1
254,179,0.9960629921259843,178,0.994413407821229,-0.999999999999998,1.5400000000000023,-0.06274558051381574,-1.0,0.99,0.99,-0.003976775630318929,NEAR_CONFIRMED_NO,open,0.02,,0.01
456,301,0.9890350877192983,296,0.9833887043189369,-4.9999999999999964,-0.43999999999999595,-0.10517681330515416,-5.0,0.9900000000000001,0.99,-0.011075668970405806,NEAR_CONFIRMED_NO,open,0.02,,0.03
665,388,0.9864661654135338,379,0.9768041237113402,-5.6499999999999915,1.0000000000000087,-0.07350755680951922,-5.819999999999996,0.9849624060150376,0.99,-0.008599729021180278,NEAR_CONFIRMED_NO,open,0.02,,0.05
763,406,0.9868938401048493,396,0.9753694581280788,-3.249999999999989,4.380000000000012,-0.037284499005172854,-4.329999999999997,0.9811533420707733,0.99,-0.004206565232987016,NEAR_CONFIRMED_NO,open,0.02,,0.1
264,182,0.9924242424242424,180,0.989010989010989,-1.999999999999998,0.6400000000000023,-0.08720477441636178,-2.0,0.9900000000000001,0.99,-0.007652280379553099,NEAR_CONFIRMED_NO,open,0.05,,0.01
479,306,0.9832985386221295,298,0.9738562091503268,-7.9999999999999964,-3.2099999999999973,-0.13019093065935622,-8.0,0.99,0.99,-0.016870163007950058,NEAR_CONFIRMED_NO,open,0.05,,0.03
701,394,0.9800285306704708,380,0.9644670050761421,-10.44999999999999,-3.4399999999999924,-0.1065336667788469,-10.659999999999982,0.9849358059914409,0.99,-0.015113986363768381,NEAR_CONFIRMED_NO,open,0.05,,0.05
808,411,0.9801980198019802,395,0.9610705596107056,-8.769999999999989,-0.6899999999999862,-0.07767843859883747,-9.419999999999984,0.9810519801980199,0.99,-0.010934721928458678,NEAR_CONFIRMED_NO,open,0.05,,0.1
685,382,0.9547445255474453,351,0.918848167539267,5.460000000000006,12.960000000000006,0.0451199933658864,-13.09,0.9358248175182483,0.98,0.01335401119691177,DEEP_TAIL_NO,9AM,0.005,0.01,
375,265,0.92,235,0.8867924528301887,6.460000000000003,10.860000000000005,0.07398079080846079,-13.09,0.8910399999999999,0.95,0.027086929813294865,DEEP_TAIL_NO,9AM,0.005,0.03,
241,197,0.8838174273858921,169,0.8578680203045685,6.490000000000005,9.550000000000002,0.09767611691639526,-11.290000000000001,0.8441908713692946,0.9,0.04226338510464359,DEEP_TAIL_NO,9AM,0.005,0.05,
139,131,0.8273381294964028,107,0.816793893129771,5.869999999999999,7.91,0.13126806281656658,-8.8,0.7704316546762591,0.83,0.06831680913147312,DEEP_TAIL_NO,9AM,0.005,0.1,
96,90,0.7604166666666666,67,0.7444444444444445,2.7399999999999993,4.350000000000001,0.07655124633758313,-9.170000000000002,0.7151041666666668,0.79,0.062103033712079904,DEEP_TAIL_NO,9AM,0.005,0.15,
39,38,0.5641025641025641,21,0.5526315789473685,-0.5900000000000013,0.14999999999999902,-0.033525184173449143,-6.510000000000001,0.5602564102564103,0.62,0.04886730700707998,DEEP_TAIL_NO,9AM,0.005,0.25,
784,407,0.9540816326530612,371,0.9115479115479116,12.240000000000002,21.04000000000001,0.08442433725998733,-11.89,0.9272448979591837,0.98,0.02490132780661406,DEEP_TAIL_NO,9AM,0.01,0.01,
456,306,0.9232456140350878,271,0.8856209150326797,13.240000000000002,18.760000000000005,0.12244749889255706,-11.89,0.8821052631578947,0.94,0.04502794300545269,DEEP_TAIL_NO,9AM,0.01,0.03,
301,234,0.893687707641196,202,0.8632478632478633,13.950000000000003,17.92,0.1696694158471011,-10.43,0.8341528239202657,0.88,0.07064020609878287,DEEP_TAIL_NO,9AM,0.01,0.05,
183,166,0.8524590163934426,139,0.8373493975903614,13.61,16.399999999999995,0.2420948059853076,-7.75,0.7628415300546447,0.82,0.1139928348072727,DEEP_TAIL_NO,9AM,0.01,0.1,
132,121,0.803030303030303,95,0.7851239669421488,9.669999999999998,11.950000000000001,0.20864274224202603,-8.240000000000002,0.7124999999999999,0.77,0.12434128999101982,DEEP_TAIL_NO,9AM,0.01,0.15,
64,63,0.6875,43,0.6825396825396826,4.509999999999999,5.75,0.17105174094502917,-6.15,0.59765625,0.66,0.1579315674040276,DEEP_TAIL_NO,9AM,0.01,0.25,
911,423,0.9517014270032931,379,0.8959810874704491,23.960000000000004,34.52000000000001,0.137094385914414,-10.28,0.9138090010976948,0.97,0.03761040810856619,DEEP_TAIL_NO,9AM,0.02,0.01,
560,357,0.9232142857142858,314,0.8795518207282913,24.96,32.010000000000005,0.18626147257687536,-10.28,0.8660535714285714,0.93,0.06298782642322287,DEEP_TAIL_NO,9AM,0.02,0.03,
397,295,0.8992443324937027,255,0.864406779661017,25.530000000000005,30.950000000000003,0.23954185859591495,-9.4,0.8212846347607051,0.87,0.09032499576519022,DEEP_TAIL_NO,9AM,0.02,0.05,
257,225,0.867704280155642,191,0.8488888888888889,25.03,29.049999999999997,0.33255512698215317,-6.890000000000001,0.7546692607003891,0.8,0.13731530541554546,DEEP_TAIL_NO,9AM,0.02,0.1,
192,169,0.828125,136,0.8047337278106509,19.7,23.07,0.310156229897267,-6.890000000000001,0.70796875,0.76,0.15248847386463005,DEEP_TAIL_NO,9AM,0.02,0.15,
99,94,0.7373737373737373,68,0.723404255319149,11.27,13.2,0.29772542443501643,-6.15,0.604040404040404,0.65,0.19053148471118433,DEEP_TAIL_NO,9AM,0.02,0.25,
973,427,0.9455292908530318,374,0.8758782201405152,26.060000000000002,37.52000000000001,0.13347150514268608,-9.700000000000003,0.9069681397738953,0.97,0.03724743120666962,DEEP_TAIL_NO,9AM,0.03,0.01,
615,372,0.9154471544715447,320,0.8602150537634409,27.060000000000002,34.940000000000005,0.17769459297803902,-9.700000000000003,0.8586341463414633,0.92,0.060572116380797646,DEEP_TAIL_NO,9AM,0.03,0.03,
446,319,0.8901345291479821,270,0.8463949843260188,27.550000000000004,33.74000000000001,0.22283962916385533,-8.8,0.8144843049327354,0.865,0.08465389833191389,DEEP_TAIL_NO,9AM,0.03,0.05,
296,253,0.8547297297297297,210,0.8300395256916996,26.599999999999994,31.289999999999996,0.29328781412014465,-6.290000000000002,0.7490202702702703,0.8,0.12401365328574566,DEEP_TAIL_NO,9AM,0.03,0.1,
223,193,0.8116591928251121,151,0.7823834196891192,20.53,24.490000000000002,0.2656783407743408,-6.290000000000001,0.7018385650224215,0.75,0.13394979427442605,DEEP_TAIL_NO,9AM,0.03,0.15,
120,114,0.7166666666666667,80,0.7017543859649122,11.239999999999997,13.579999999999998,0.2328980709139171,-5.630000000000001,0.6035000000000001,0.65,0.1533600471727695,DEEP_TAIL_NO,9AM,0.03,0.25,
1075,434,0.9311627906976744,360,0.8294930875576036,26.480000000000004,39.50000000000001,0.10864923167169195,-8.72,0.8944186046511627,0.97,0.03773130272093912,DEEP_TAIL_NO,9AM,0.05,0.01,
704,396,0.8977272727272727,324,0.8181818181818182,28.480000000000004,37.790000000000006,0.1477484640757938,-8.72,0.8440482954545455,0.91,0.06048487563240281,DEEP_TAIL_NO,9AM,0.05,0.03,
529,351,0.8695652173913043,282,0.8034188034188035,28.88,36.44,0.17859699368833432,-7.840000000000002,0.800680529300567,0.85,0.08127159094906157,DEEP_TAIL_NO,9AM,0.05,0.05,
366,291,0.8278688524590164,228,0.7835051546391752,27.249999999999996,33.17999999999999,0.2168256479890781,-5.6899999999999995,0.7372131147540983,0.775,0.11261533071197735,DEEP_TAIL_NO,9AM,0.05,0.1,
282,233,0.7801418439716312,171,0.7339055793991416,20.069999999999993,25.16,0.18412425285425163,-5.69,0.6909219858156028,0.72,0.11747516652966582,DEEP_TAIL_NO,9AM,0.05,0.15,
169,158,0.7100591715976331,109,0.689873417721519,14.029999999999996,17.34,0.19532442563468094,-5.630000000000002,0.6074556213017751,0.65,0.15142693456731315,DEEP_TAIL_NO,9AM,0.05,0.25,
1204,436,0.9177740863787376,337,0.7729357798165137,32.209999999999994,47.24000000000001,0.1105448893697364,-8.24,0.8785382059800666,0.96,0.037630878973895505,DEEP_TAIL_NO,9AM,0.1,0.01,
817,414,0.8812729498164015,317,0.7657004830917874,34.21,45.370000000000005,0.14517407738366234,-8.24,0.8257405140758873,0.89,0.05792873966312388,DEEP_TAIL_NO,9AM,0.1,0.03,
637,394,0.8524332810047096,300,0.7614213197969543,34.50999999999999,43.870000000000005,0.1701157367469505,-7.379999999999998,0.783563579277865,0.83,0.07478180013831875,DEEP_TAIL_NO,9AM,0.1,0.05,
463,349,0.8120950323974082,262,0.7507163323782235,33.33999999999999,40.959999999999994,0.20469235594574092,-5.28,0.7236285097192225,0.77,0.10007787730442741,DEEP_TAIL_NO,9AM,0.1,0.1,
369,294,0.7669376693766937,208,0.7074829931972789,25.119999999999997,31.8,0.17435284420250724,-6.3099999999999845,0.6807588075880758,0.71,0.10046034223007502,DEEP_TAIL_NO,9AM,0.1,0.15,
231,208,0.7012987012987013,139,0.6682692307692307,18.939999999999994,23.459999999999994,0.19382444945795851,-7.45999999999999,0.5997402597402597,0.64,0.12760985261706567,DEEP_TAIL_NO,9AM,0.1,0.25,
119,118,0.4117647058823529,48,0.4067796610169492,-4.540000000000005,-2.320000000000003,-0.07804727353233874,-12.19,0.43126050420168066,0.5,-0.08539263235445686,TAIL_NO,9AM,0.2,0.45,
51,51,0.43137254901960786,22,0.43137254901960786,5.879999999999999,6.7399999999999975,0.2553547242246157,-3.42,0.29921568627450984,0.4,0.19906677295537747,TAIL_NO,9AM,0.2,0.55,
23,23,0.21739130434782608,5,0.21739130434782608,1.5699999999999996,1.869999999999999,0.17636293413156284,-1.2099999999999997,0.13608695652173916,0.14,-0.008622733239101498,TAIL_NO,9AM,0.2,0.65,
21,21,0.19047619047619047,4,0.19047619047619047,1.1799999999999995,1.4399999999999997,0.1504416875741982,-0.9200000000000002,0.12190476190476193,0.12,-0.0662340693853299,TAIL_NO,9AM,0.2,0.75,
151,150,0.40397350993377484,60,0.4,-7.340000000000007,-4.5,-0.1003210835149629,-14.920000000000002,0.4337748344370861,0.5,-0.12963924279998643,TAIL_NO,9AM,0.3,0.45,
63,63,0.4126984126984127,26,0.4126984126984127,5.969999999999999,7.05,0.21414075562712515,-4.39,0.3007936507936509,0.39,0.09463784501173031,TAIL_NO,9AM,0.3,0.55,
30,30,0.16666666666666666,5,0.16666666666666666,-0.060000000000000824,0.3599999999999993,-0.005456091229136745,-2.18,0.1546666666666667,0.14500000000000002,-0.2739383252202945,TAIL_NO,9AM,0.3,0.65,
24,24,0.16666666666666666,4,0.16666666666666666,0.8499999999999994,1.1499999999999995,0.09987867459317702,-1.1700000000000004,0.11875000000000002,0.11499999999999999,-0.2143557768957385,TAIL_NO,9AM,0.3,0.75,
177,176,0.3954802259887006,69,0.39204545454545453,-10.450000000000006,-7.110000000000005,-0.12242446391297827,-15.560000000000006,0.4356497175141243,0.5,-0.15419343994610923,TAIL_NO,9AM,0.4,0.45,
73,73,0.3972602739726027,29,0.3972602739726027,5.419999999999996,6.679999999999997,0.16631062640305078,-4.18,0.3057534246575343,0.4,0.04985070135111762,TAIL_NO,9AM,0.4,0.55,
34,34,0.17647058823529413,6,0.17647058823529413,0.08999999999999908,0.5699999999999991,0.0071321752106687925,-2.5300000000000002,0.15970588235294123,0.14500000000000002,-0.26073633172042227,TAIL_NO,9AM,0.4,0.65,
26,26,0.15384615384615385,4,0.15384615384615385,0.6399999999999989,0.9599999999999996,0.07191646809143637,-1.1700000000000004,0.11692307692307692,0.10999999999999999,-0.2830941437079544,TAIL_NO,9AM,0.4,0.75,
467,312,1.0,312,1.0,4.0505793164058446e-15,4.670000000000004,0.0,0.0,0.9900000000000001,0.99,8.761229676650542e-18,NEAR_CONFIRMED_NO,9AM,0.005,,0.01
777,417,0.9987129987129987,416,0.9976019184652278,-0.9999999999999933,6.770000000000007,-0.03587480016670852,-1.0,0.99,0.99,-0.0013000013000012915,NEAR_CONFIRMED_NO,9AM,0.005,,0.03
911,439,0.9967069154774972,436,0.9931662870159453,-1.029999999999991,8.080000000000009,-0.019786925468452777,-1.8199999999999998,0.9878375411635566,0.99,-0.0011393832495439483,NEAR_CONFIRMED_NO,9AM,0.005,,0.05
967,441,0.9948293691830403,436,0.9886621315192744,-1.069999999999989,8.600000000000012,-0.01553453917918518,-3.6599999999999997,0.9859358841778698,0.99,-0.0011151282497699243,NEAR_CONFIRMED_NO,9AM,0.005,,0.1
487,315,1.0,315,1.0,4.224051664003525e-15,4.8700000000000045,0.0,0.0,0.99,0.99,8.761229676650543e-18,NEAR_CONFIRMED_NO,9AM,0.01,,0.01
815,421,0.9987730061349693,420,0.997624703087886,-0.999999999999993,7.1500000000000075,-0.035028472205202686,-1.0,0.9899999999999999,0.99,-0.0012393877424552184,NEAR_CONFIRMED_NO,9AM,0.01,,0.03
970,441,0.9958762886597938,437,0.9909297052154195,-1.7099999999999906,7.990000000000011,-0.027665036925127395,-2.0999999999999974,0.987639175257732,0.99,-0.0017938773560290837,NEAR_CONFIRMED_NO,9AM,0.01,,0.05
1035,442,0.9932367149758454,435,0.9841628959276018,-2.439999999999988,7.910000000000013,-0.029085987036012773,-3.67999999999999,0.9855942028985508,0.99,-0.002423548250103363,NEAR_CONFIRMED_NO,9AM,0.01,,0.1
497,318,1.0,318,1.0,4.310787837802366e-15,4.970000000000004,0.0,0.0,0.9900000000000002,0.99,8.761229676650542e-18,NEAR_CONFIRMED_NO,9AM,0.02,,0.01
848,427,0.9988207547169812,426,0.9976580796252927,-0.9999999999999928,7.4800000000000075,-0.034340140987172016,-1.0,0.9900000000000001,0.99,-0.0011911568515342015,NEAR_CONFIRMED_NO,9AM,0.02,,0.03
1011,442,0.9960435212660732,438,0.9909502262443439,-1.5699999999999898,8.540000000000012,-0.024870180768395703,-1.9799999999999962,0.9875964391691396,0.99,-0.001578577182865202,NEAR_CONFIRMED_NO,9AM,0.02,,0.05
1083,443,0.9935364727608494,436,0.9841986455981941,-2.039999999999987,8.790000000000013,-0.023748295634975984,-3.6299999999999994,0.9854201292705448,0.99,-0.0019309571741422111,NEAR_CONFIRMED_NO,9AM,0.02,,0.1
521,323,0.9980806142034548,322,0.9969040247678018,-0.9999999999999956,4.210000000000004,-0.04381079543383217,-1.0,0.9900000000000001,0.99,-0.0019387735318637347,NEAR_CONFIRMED_NO,9AM,0.05,,0.01
892,431,0.9966367713004485,428,0.9930394431554525,-2.9999999999999925,5.920000000000008,-0.05805854819348909,-3.0,0.99,0.99,-0.0033972007066177387,NEAR_CONFIRMED_NO,9AM,0.05,,0.03
1067,445,0.9943767572633552,439,0.9865168539325843,-3.3999999999999893,7.270000000000012,-0.04271559463318983,-3.8899999999999966,0.9875632614807874,0.99,-0.003225512837061868,NEAR_CONFIRMED_NO,9AM,0.05,,0.05
1149,446,0.9921671018276762,437,0.9798206278026906,-3.5199999999999867,7.970000000000015,-0.03496005958410709,-5.029999999999986,0.9852306353350739,0.99,-0.0031071635936247475,NEAR_CONFIRMED_NO,9AM,0.05,,0.1
548,337,0.9452554744525548,307,0.9109792284866469,1.5000000000000009,7.520000000000006,0.0148145765677818,-12.950000000000001,0.9315328467153285,0.98,0.0016469378793540989,DEEP_TAIL_NO,11AM,0.005,0.01,
284,224,0.9014084507042254,196,0.875,3.5,6.880000000000001,0.05083184542641043,-10.949999999999998,0.8771830985915493,0.94,0.010291281612986146,DEEP_TAIL_NO,11AM,0.005,0.03,
198,174,0.8585858585858586,146,0.8390804597701149,2.2500000000000027,4.769999999999998,0.0391092144659319,-11.049999999999999,0.8344949494949496,0.9,0.00827782035360183,DEEP_TAIL_NO,11AM,0.005,0.05,
117,107,0.7948717948717948,83,0.7757009345794392,2.509999999999999,4.219999999999998,0.06485253620920728,-9.399999999999999,0.758803418803419,0.82,0.01576486505019004,DEEP_TAIL_NO,11AM,0.005,0.1,
72,69,0.6944444444444444,47,0.6811594202898551,0.02999999999999875,1.2899999999999991,0.001073729300077133,-8.6,0.6765277777777778,0.74,-0.013232380939317378,DEEP_TAIL_NO,11AM,0.005,0.15,
40,40,0.5,20,0.5,-3.320000000000001,-2.5700000000000007,-0.18011814518211416,-8.64,0.56425,0.655,-0.12495493734324467,DEEP_TAIL_NO,11AM,0.005,0.25,
643,364,0.9455676516329704,329,0.9038461538461539,7.7000000000000055,14.950000000000006,0.06170917341165173,-11.659999999999998,0.9223172628304821,0.98,0.016337644617650467,DEEP_TAIL_NO,11AM,0.01,0.01,
352,264,0.90625,231,0.875,9.700000000000001,14.040000000000003,0.11006683916404865,-10.19,0.8663636363636364,0.93,0.035583259969747934,DEEP_TAIL_NO,11AM,0.01,0.03,
253,210,0.8735177865612648,178,0.8476190476190476,9.259999999999998,12.61,0.12701139294503752,-10.209999999999999,0.8236758893280632,0.88,0.04769509965575856,DEEP_TAIL_NO,11AM,0.01,0.05,
159,143,0.8301886792452831,116,0.8111888111888111,9.959999999999999,12.370000000000001,0.19831659259405915,-8.39,0.7523899371069183,0.81,0.07999216815600671,DEEP_TAIL_NO,11AM,0.01,0.1,
110,105,0.7727272727272727,80,0.7619047619047619,7.109999999999998,9.030000000000003,0.18140457574080532,-7.59,0.6906363636363635,0.74,0.08644704134309256,DEEP_TAIL_NO,11AM,0.01,0.15,
60,59,0.6166666666666667,36,0.6101694915254238,0.8499999999999979,1.9999999999999991,0.031856503541009655,-8.08,0.5833333333333334,0.65,0.03174346988779105,DEEP_TAIL_NO,11AM,0.01,0.25,
767,398,0.9439374185136897,355,0.8919597989949749,19.64,28.510000000000005,0.12484238772033071,-10.240000000000002,0.9067666232073012,0.97,0.04306865441255261,DEEP_TAIL_NO,11AM,0.02,0.01,
453,326,0.9116997792494481,286,0.8773006134969326,22.64,28.370000000000005,0.19869616269806478,-9.24,0.8490728476821192,0.91,0.07961139285812556,DEEP_TAIL_NO,11AM,0.02,0.03,
349,280,0.8882521489971347,241,0.8607142857142858,22.11,26.800000000000004,0.22609642356997192,-9.26,0.811461318051576,0.87,0.1017559752431225,DEEP_TAIL_NO,11AM,0.02,0.05,
227,195,0.8502202643171806,161,0.8256410256410256,21.310000000000002,24.78,0.30253838557023477,-7.4399999999999995,0.7410572687224669,0.8,0.15223598076738284,DEEP_TAIL_NO,11AM,0.02,0.1,
161,145,0.8074534161490683,114,0.7862068965517242,17.729999999999997,20.54,0.3217775709592306,-6.83,0.6798757763975156,0.74,0.1895713794688928,DEEP_TAIL_NO,11AM,0.02,0.15,
91,87,0.6923076923076923,59,0.6781609195402298,9.249999999999998,10.989999999999998,0.2412004663243976,-7.640000000000001,0.5715384615384616,0.65,0.2225132542958276,DEEP_TAIL_NO,11AM,0.02,0.25,
828,404,0.9371980676328503,352,0.8712871287128713,20.370000000000005,30.070000000000007,0.11468801471390085,-9.379999999999999,0.9008816425120774,0.97,0.039963281834940745,DEEP_TAIL_NO,11AM,0.03,0.01,
509,346,0.9037328094302554,297,0.8583815028901735,23.37,29.880000000000003,0.17623045781018443,-8.38,0.8450294695481336,0.91,0.07096247620753235,DEEP_TAIL_NO,11AM,0.03,0.03,
395,301,0.8784810126582279,253,0.840531561461794,22.7,28.07,0.19784735129934353,-8.4,0.8074177215189875,0.87,0.08968373688139947,DEEP_TAIL_NO,11AM,0.03,0.05,
262,219,0.8396946564885496,177,0.8082191780821918,22.349999999999998,26.39,0.2662738816005604,-6.58,0.738969465648855,0.8,0.13346686916385822,DEEP_TAIL_NO,11AM,0.03,0.1,
190,169,0.7947368421052632,130,0.7692307692307693,18.19,21.509999999999998,0.2696318835419147,-5.97,0.6815263157894738,0.74,0.1593717337913576,DEEP_TAIL_NO,11AM,0.03,0.15,
106,100,0.6792452830188679,66,0.66,9.279999999999998,11.31,0.20370269251538833,-6.780000000000001,0.5725471698113207,0.63,0.18474338045243674,DEEP_TAIL_NO,11AM,0.03,0.25,
929,412,0.9203444564047363,338,0.8203883495145631,19.71,30.950000000000003,0.08777261396058289,-8.480000000000002,0.8870290635091496,0.96,0.038207753914355526,DEEP_TAIL_NO,11AM,0.05,0.01,
598,377,0.8812709030100334,306,0.8116710875331565,22.709999999999997,30.64,0.13021725027156633,-7.480000000000002,0.8300334448160536,0.9,0.06442358932565102,DEEP_TAIL_NO,11AM,0.05,0.03,
476,341,0.8529411764705882,271,0.7947214076246334,21.93,28.64,0.1425438736075615,-7.500000000000002,0.7927731092436975,0.86,0.07923866810292392,DEEP_TAIL_NO,11AM,0.05,0.05,
329,261,0.8115501519756839,199,0.7624521072796935,22.889999999999997,28.129999999999995,0.1961003471552489,-5.6800000000000015,0.726048632218845,0.78,0.11737621869638706,DEEP_TAIL_NO,11AM,0.05,0.1,
246,211,0.7682926829268293,154,0.7298578199052133,19.679999999999996,24.09,0.20733006411424854,-5.19,0.6703658536585364,0.715,0.14227144512830506,DEEP_TAIL_NO,11AM,0.05,0.15,
150,138,0.6666666666666666,88,0.6376811594202898,10.679999999999996,13.579999999999998,0.15793541679441367,-6.090000000000001,0.5761333333333333,0.63,0.16137494540418143,DEEP_TAIL_NO,11AM,0.05,0.25,
1053,423,0.905982905982906,324,0.7659574468085106,24.639999999999993,37.82,0.09071540006443073,-8.110000000000003,0.8700664767331434,0.95,0.03839801409695197,DEEP_TAIL_NO,11AM,0.1,0.01,
708,406,0.864406779661017,310,0.7635467980295566,27.64,37.37,0.12729815977915954,-7.110000000000002,0.8116242937853108,0.88,0.06138899982258963,DEEP_TAIL_NO,11AM,0.1,0.03,
577,384,0.8353552859618717,289,0.7526041666666666,26.709999999999997,35.13,0.1374575923939611,-7.170000000000001,0.774471403812825,0.84,0.07365925110839129,DEEP_TAIL_NO,11AM,0.1,0.05,
420,323,0.7952380952380952,237,0.7337461300309598,28.159999999999993,35.01,0.18343913978028342,-5.35,0.7118809523809524,0.77,0.10454350684945328,DEEP_TAIL_NO,11AM,0.1,0.1,
324,271,0.7530864197530864,191,0.7047970479704797,24.609999999999996,30.499999999999996,0.19265971084202896,-5.439999999999998,0.6589506172839507,0.71,0.12311077247016047,DEEP_TAIL_NO,11AM,0.1,0.15,
208,187,0.6682692307692307,118,0.6310160427807486,16.019999999999996,20.039999999999996,0.17369631408667394,-5.760000000000001,0.5719230769230769,0.62,0.142629496075767,DEEP_TAIL_NO,11AM,0.1,0.25,
154,154,0.474025974025974,73,0.474025974025974,4.999999999999992,7.879999999999997,0.0662339856148527,-11.579999999999998,0.4228571428571429,0.475,0.06729614906949288,TAIL_NO,11AM,0.2,0.45,
71,71,0.4084507042253521,29,0.4084507042253521,5.619999999999997,6.84,0.167811620605863,-2.8599999999999994,0.3121126760563381,0.38,0.15491577683562516,TAIL_NO,11AM,0.2,0.55,
30,30,0.3333333333333333,10,0.3333333333333333,4.639999999999999,5.039999999999999,0.37913638669868965,-0.6799999999999997,0.1653333333333334,0.14,0.26088332711751444,TAIL_NO,11AM,0.2,0.65,
20,20,0.1,2,0.1,-0.030000000000000686,0.16999999999999948,-0.004979288757825608,-1.7600000000000005,0.09150000000000001,0.10000000000000003,-0.37371040723981885,TAIL_NO,11AM,0.2,0.75,
186,184,0.45161290322580644,82,0.44565217391304346,1.999999999999993,5.4999999999999964,0.02207888085677692,-13.180000000000003,0.4220430107526882,0.47,0.0016715151498705148,TAIL_NO,11AM,0.3,0.45,
88,88,0.38636363636363635,34,0.38636363636363635,4.579999999999996,6.1199999999999966,0.11191364195848039,-3.79,0.31681818181818183,0.38,0.05231855631817559,TAIL_NO,11AM,0.3,0.55,
36,36,0.3055555555555556,11,0.3055555555555556,4.429999999999999,4.929999999999997,0.30750811897007274,-0.8599999999999994,0.16861111111111116,0.15000000000000002,0.10857924318616392,TAIL_NO,11AM,0.3,0.65,
24,24,0.08333333333333333,2,0.08333333333333333,-0.5800000000000007,-0.32000000000000073,-0.08598626825858295,-2.310000000000001,0.09666666666666669,0.10000000000000003,-0.5084491488903252,TAIL_NO,11AM,0.3,0.75,
220,218,0.4318181818181818,93,0.42660550458715596,-1.000000000000007,3.139999999999996,-0.009460902098968597,-12.960000000000006,0.4175454545454546,0.46499999999999997,-0.05392905810363284,TAIL_NO,11AM,0.4,0.45,
110,110,0.35454545454545455,39,0.35454545454545455,2.1699999999999955,4.109999999999997,0.043245283206976536,-4.2600000000000025,0.3171818181818181,0.38,-0.05791223668978165,TAIL_NO,11AM,0.4,0.55,
45,45,0.24444444444444444,11,0.24444444444444444,2.5299999999999985,3.169999999999999,0.14613981528925876,-1.560000000000001,0.17400000000000004,0.15000000000000002,-0.13344983628154108,TAIL_NO,11AM,0.4,0.65,
29,29,0.06896551724137931,2,0.06896551724137931,-1.200000000000001,-0.8800000000000008,-0.15991572884676367,-2.780000000000001,0.09931034482758623,0.09999999999999998,-0.6154899360274612,TAIL_NO,11AM,0.4,0.75,
604,359,0.9983443708609272,358,0.9972144846796658,-0.9999999999999948,5.040000000000005,-0.04068942293855776,-1.0,0.9900000000000001,0.99,-0.001672352665730141,NEAR_CONFIRMED_NO,11AM,0.005,,0.01
868,430,0.9965437788018433,427,0.9930232558139535,-2.999999999999993,5.680000000000008,-0.058857560780604695,-3.0,0.9900000000000002,0.99,-0.0034911325233905797,NEAR_CONFIRMED_NO,11AM,0.005,,0.03
954,440,0.9968553459119497,437,0.9931818181818182,-1.7499999999999916,7.79000000000001,-0.03260183189022452,-2.009999999999999,0.9886897274633124,0.99,-0.001830804488708722,NEAR_CONFIRMED_NO,11AM,0.005,,0.05
997,443,0.9939819458375125,437,0.9864559819413092,-3.28999999999999,6.680000000000012,-0.04294772322479657,-3.85,0.98728184553661,0.99,-0.0033533580827922863,NEAR_CONFIRMED_NO,11AM,0.005,,0.1
628,362,0.9984076433121019,361,0.9972375690607734,-0.9999999999999946,5.280000000000006,-0.03990434422338089,-1.0,0.99,0.99,-0.0016084410988869504,NEAR_CONFIRMED_NO,11AM,0.01,,0.01
919,433,0.9967355821545157,430,0.9930715935334873,-2.999999999999993,6.190000000000008,-0.05719742472668833,-3.0,0.9900000000000001,0.99,-0.003297391763115367,NEAR_CONFIRMED_NO,11AM,0.01,,0.03
1018,442,0.9960707269155207,438,0.9909502262443439,-2.5599999999999916,7.62000000000001,-0.04011323048639625,-2.8299999999999987,0.9885854616895875,0.99,-0.0025263808780537026,NEAR_CONFIRMED_NO,11AM,0.01,,0.05
1069,444,0.9925163704396632,436,0.9819819819819819,-4.849999999999989,5.840000000000012,-0.053089087357119646,-5.459999999999986,0.9870533208606173,0.99,-0.004629913623651291,NEAR_CONFIRMED_NO,11AM,0.01,,0.1
641,366,0.9984399375975039,365,0.9972677595628415,-0.9999999999999946,5.4100000000000055,-0.039497625276667996,-1.0,0.9899999999999999,0.99,-0.0015758206085819105,NEAR_CONFIRMED_NO,11AM,0.02,,0.01
955,434,0.9958115183246073,430,0.9907834101382489,-3.9999999999999925,5.550000000000009,-0.06482047941307023,-4.0,0.9900000000000001,0.99,-0.0042307895711036995,NEAR_CONFIRMED_NO,11AM,0.02,,0.03
1059,443,0.9952785646836638,438,0.9887133182844243,-3.46999999999999,7.120000000000011,-0.04769400827914549,-3.629999999999998,0.9885552407932012,0.99,-0.0032948804868016073,NEAR_CONFIRMED_NO,11AM,0.02,,0.05
1117,445,0.9919427036705462,436,0.9797752808988764,-5.509999999999989,5.660000000000013,-0.05553324096693175,-5.9299999999999855,0.9868755595344675,0.99,-0.005017573243255043,NEAR_CONFIRMED_NO,11AM,0.02,,0.1
667,371,0.9985007496251874,370,0.9973045822102425,-0.9999999999999942,5.670000000000006,-0.0387201546331181,-1.0,0.9900000000000001,0.99,-0.00151439431799251,NEAR_CONFIRMED_NO,11AM,0.05,,0.01
998,437,0.9959919839679359,433,0.9908466819221968,-3.999999999999992,5.980000000000009,-0.06340435836697256,-4.0,0.9900000000000001,0.99,-0.004048501042489011,NEAR_CONFIRMED_NO,11AM,0.05,,0.03
1120,445,0.9955357142857143,440,0.9887640449438202,-3.219999999999989,7.980000000000011,-0.043010953802729825,-3.4399999999999977,0.9884107142857145,0.99,-0.0028863425363004473,NEAR_CONFIRMED_NO,11AM,0.05,,0.05
1191,447,0.9907640638119227,436,0.9753914988814317,-6.809999999999987,5.100000000000014,-0.06037458501560525,-7.319999999999981,0.9864819479429052,0.99,-0.005853040457192401,NEAR_CONFIRMED_NO,11AM,0.05,,0.1
434,299,0.9308755760368663,269,0.8996655518394648,-3.929999999999997,0.7800000000000056,-0.04670557863783231,-12.07,0.9290783410138249,0.99,-0.018238021723106637,DEEP_TAIL_NO,1PM,0.005,0.01,
213,172,0.863849765258216,143,0.8313953488372093,-2.9299999999999993,-0.4299999999999988,-0.051252345363954656,-11.07,0.865868544600939,0.94,-0.032418781303883884,DEEP_TAIL_NO,1PM,0.005,0.03,
135,121,0.8,94,0.7768595041322314,-2.0900000000000007,-0.370000000000001,-0.04910290668402287,-9.19,0.8027407407407408,0.9,-0.044781724735968274,DEEP_TAIL_NO,1PM,0.005,0.05,
80,76,0.6875,51,0.6710526315789473,-2.8200000000000007,-1.6500000000000012,-0.09325000713788144,-8.350000000000001,0.708125,0.815,-0.08553071315474062,DEEP_TAIL_NO,1PM,0.005,0.1,
51,50,0.5294117647058824,26,0.52,-4.600000000000001,-3.7199999999999998,-0.2026873249977411,-7.870000000000001,0.6023529411764706,0.6799999999999999,-0.1732480771338198,DEEP_TAIL_NO,1PM,0.005,0.15,
35,35,0.45714285714285713,16,0.45714285714285713,-2.120000000000001,-1.4700000000000004,-0.1393949089231242,-6.2700000000000005,0.49914285714285733,0.5700000000000001,-0.16558371888652465,DEEP_TAIL_NO,1PM,0.005,0.25,
511,326,0.9315068493150684,291,0.8926380368098159,-1.9099999999999988,3.700000000000002,-0.01891183603419884,-11.290000000000001,0.9242661448140901,0.98,-0.011053029283700772,DEEP_TAIL_NO,1PM,0.01,0.01,
261,205,0.8697318007662835,171,0.8341463414634146,-0.9100000000000001,2.200000000000001,-0.012922938307007286,-10.290000000000001,0.8613026819923371,0.93,-0.017770103271532892,DEEP_TAIL_NO,1PM,0.01,0.03,
174,150,0.8160919540229885,118,0.7866666666666666,-0.21000000000000085,2.0299999999999994,-0.0038538070982526425,-8.43,0.804425287356322,0.89,-0.022541600491576438,DEEP_TAIL_NO,1PM,0.01,0.05,
106,101,0.7358490566037735,73,0.7227722772277227,0.34999999999999787,1.909999999999999,0.00932638420402654,-7.65,0.7178301886792453,0.81,-0.03162858615964286,DEEP_TAIL_NO,1PM,0.01,0.1,
68,66,0.6029411764705882,39,0.5909090909090909,-2.3200000000000007,-1.140000000000001,-0.0808820194820859,-7.25,0.6197058823529412,0.715,-0.0933332187700004,DEEP_TAIL_NO,1PM,0.01,0.15,
46,45,0.5217391304347826,23,0.5111111111111111,-0.8400000000000012,0.019999999999999463,-0.043183164540798395,-5.65,0.5213043478260869,0.6000000000000001,-0.09862057006754753,DEEP_TAIL_NO,1PM,0.01,0.25,
632,374,0.9319620253164557,331,0.8850267379679144,7.54,14.630000000000006,0.057195599091368225,-9.899999999999999,0.9088132911392405,0.98,0.018069173973550335,DEEP_TAIL_NO,1PM,0.02,0.01,
356,273,0.8820224719101124,231,0.8461538461538461,8.540000000000001,12.870000000000001,0.08806797076030838,-8.9,0.8458707865168539,0.925,0.034915221801642735,DEEP_TAIL_NO,1PM,0.02,0.03,
254,212,0.84251968503937,172,0.8113207547169812,9.030000000000001,12.34,0.11481075313877755,-7.340000000000001,0.7939370078740158,0.89,0.05090562738118323,DEEP_TAIL_NO,1PM,0.02,0.05,
158,143,0.7784810126582279,108,0.7552447552447552,9.179999999999998,11.529999999999998,0.16604536361365074,-6.390000000000001,0.7055063291139241,0.795,0.08248263129583044,DEEP_TAIL_NO,1PM,0.02,0.1,
103,96,0.6699029126213593,62,0.6458333333333334,4.849999999999997,6.649999999999999,0.11146690047989329,-6.6400000000000015,0.6053398058252427,0.7,0.07936643692917128,DEEP_TAIL_NO,1PM,0.02,0.15,
72,69,0.625,42,0.6086956521739131,6.869999999999997,8.219999999999999,0.22986693162675934,-5.170000000000002,0.5108333333333334,0.5850000000000001,0.14755342578873598,DEEP_TAIL_NO,1PM,0.02,0.25,
690,386,0.9246376811594202,334,0.8652849740932642,7.540000000000002,15.400000000000006,0.05075267390803817,-10.049999999999999,0.9023188405797101,0.98,0.01273477946884774,DEEP_TAIL_NO,1PM,0.03,0.01,
402,293,0.8731343283582089,242,0.825938566552901,8.54,13.52,0.07660097539840159,-9.049999999999997,0.8395024875621891,0.92,0.024370892645785947,DEEP_TAIL_NO,1PM,0.03,0.03,
291,239,0.8316151202749141,190,0.7949790794979079,8.909999999999998,12.78,0.09718751769315187,-7.210000000000002,0.7876975945017182,0.89,0.0349629865193906,DEEP_TAIL_NO,1PM,0.03,0.05,
187,167,0.7700534759358288,124,0.7425149700598802,9.619999999999997,12.45,0.14682814217656925,-5.800000000000001,0.703475935828877,0.77,0.05818017992018466,DEEP_TAIL_NO,1PM,0.03,0.1,
127,117,0.6692913385826772,75,0.6410256410256411,4.759999999999997,6.989999999999998,0.090176892248272,-6.07,0.6142519685039372,0.6799999999999999,0.04268754988246023,DEEP_TAIL_NO,1PM,0.03,0.15,
89,83,0.6067415730337079,48,0.5783132530120482,5.569999999999997,7.249999999999998,0.14752135990687987,-4.6000000000000005,0.5252808988764044,0.6000000000000001,0.07151718521365828,DEEP_TAIL_NO,1PM,0.03,0.25,
779,402,0.9050064184852374,328,0.8159203980099502,5.520000000000001,14.710000000000003,0.029144047649550472,-8.86,0.8861232349165598,0.97,0.008433620606846878,DEEP_TAIL_NO,1PM,0.05,0.01,
481,332,0.8503118503118503,260,0.7831325301204819,7.52,13.73,0.05168847342185772,-7.859999999999999,0.8217671517671518,0.91,0.017858612209845606,DEEP_TAIL_NO,1PM,0.05,0.03,
366,287,0.8114754098360656,218,0.759581881533101,8.829999999999997,13.889999999999997,0.07208003652535118,-6.079999999999999,0.7735245901639345,0.87,0.027148648264635596,DEEP_TAIL_NO,1PM,0.05,0.05,
251,215,0.7529880478087649,153,0.7116279069767442,9.979999999999993,13.889999999999997,0.10777426882088743,-5.149999999999999,0.6976494023904383,0.76,0.04420398806880774,DEEP_TAIL_NO,1PM,0.05,0.1,
176,158,0.6534090909090909,97,0.6139240506329114,3.6699999999999977,6.829999999999998,0.04815004534041564,-5.499999999999999,0.6146022727272727,0.675,0.022780255881007426,DEEP_TAIL_NO,1PM,0.05,0.15,
128,116,0.6015625,65,0.5603448275862069,5.8299999999999965,8.279999999999998,0.10341606900466203,-4.2299999999999995,0.536875,0.6000000000000001,0.05189694502527939,DEEP_TAIL_NO,1PM,0.05,0.25,
893,417,0.8891377379619261,318,0.762589928057554,7.059999999999998,17.93,0.030374269084622662,-8.430000000000001,0.8690593505039195,0.96,0.005779303540294312,DEEP_TAIL_NO,1PM,0.1,0.01,
586,377,0.8361774744027304,281,0.7453580901856764,10.059999999999997,17.86,0.05484632947521878,-7.609999999999999,0.8056996587030717,0.89,0.013978192989395658,DEEP_TAIL_NO,1PM,0.1,0.03,
466,347,0.8004291845493562,254,0.7319884726224783,11.27,17.869999999999997,0.07078258094579494,-7.82,0.7620815450643776,0.86,0.02024579635236393,DEEP_TAIL_NO,1PM,0.1,0.05,
338,281,0.7455621301775148,195,0.693950177935943,11.819999999999997,17.139999999999997,0.0932123315552339,-5.849999999999998,0.6948520710059172,0.76,0.02945029863391927,DEEP_TAIL_NO,1PM,0.1,0.1,
241,216,0.6556016597510373,133,0.6157407407407407,5.359999999999998,9.709999999999997,0.051750826165509196,-7.849999999999995,0.6153112033195022,0.67,0.011051650765773923,DEEP_TAIL_NO,1PM,0.1,0.15,
172,158,0.5988372093023255,89,0.5632911392405063,7.929999999999996,11.229999999999999,0.10518361035305968,-6.37,0.533546511627907,0.6000000000000001,0.03375902562943537,DEEP_TAIL_NO,1PM,0.1,0.25,
146,146,0.4246575342465753,62,0.4246575342465753,6.309999999999995,9.019999999999998,0.0916749438701035,-5.6600000000000055,0.36287671232876717,0.39,0.0321032680320717,TAIL_NO,1PM,0.2,0.45,
99,99,0.3838383838383838,38,0.3838383838383838,7.659999999999995,9.429999999999998,0.17012737391053653,-4.929999999999997,0.2885858585858586,0.33000000000000007,0.07574066510594722,TAIL_NO,1PM,0.2,0.55,
65,65,0.3076923076923077,20,0.3076923076923077,4.379999999999997,5.47,0.15726854636275397,-4.829999999999998,0.22353846153846152,0.27,-0.0098932283263215,TAIL_NO,1PM,0.2,0.65,
31,31,0.16129032258064516,5,0.16129032258064516,0.8899999999999993,1.2999999999999994,0.08554316381008417,-2.1900000000000004,0.11935483870967742,0.10999999999999999,-0.36572378805548494,TAIL_NO,1PM,0.2,0.75,
186,184,0.41397849462365593,76,0.41304347826086957,6.819999999999995,10.289999999999997,0.078473473612426,-6.390000000000001,0.35865591397849467,0.37,0.002965208480156662,TAIL_NO,1PM,0.3,0.45,
132,131,0.3712121212121212,48,0.366412213740458,7.829999999999996,10.219999999999997,0.1311927303723886,-6.129999999999997,0.2937878787878789,0.33000000000000007,0.019926462195994428,TAIL_NO,1PM,0.3,0.55,
86,86,0.26744186046511625,23,0.26744186046511625,1.5699999999999963,3.0399999999999983,0.04350244966515029,-5.6,0.23209302325581405,0.28,-0.1526356307084153,TAIL_NO,1PM,0.3,0.65,
38,38,0.15789473684210525,6,0.15789473684210525,0.7399999999999991,1.2499999999999996,0.05863625810624665,-2.070000000000001,0.12500000000000003,0.11499999999999999,-0.40956632929745046,TAIL_NO,1PM,0.3,0.75,
220,217,0.39545454545454545,85,0.391705069124424,3.779999999999993,7.889999999999994,0.03692349763569358,-7.82,0.359590909090909,0.37,-0.047099255569096936,TAIL_NO,1PM,0.4,0.45,
158,157,0.34177215189873417,53,0.3375796178343949,4.169999999999995,7.039999999999997,0.05849915234335274,-6.61,0.2972151898734177,0.33000000000000007,-0.061228306845012834,TAIL_NO,1PM,0.4,0.55,
101,101,0.25742574257425743,26,0.25742574257425743,0.689999999999996,2.4199999999999973,0.01639392687781514,-5.599999999999999,0.2334653465346535,0.28,-0.18850398529664084,TAIL_NO,1PM,0.4,0.65,
45,45,0.15555555555555556,7,0.15555555555555556,0.6599999999999989,1.2699999999999996,0.044632438939005856,-2.100000000000001,0.12733333333333335,0.10999999999999999,-0.4374059215073706,TAIL_NO,1PM,0.4,0.75,
718,388,0.9986072423398329,387,0.9974226804123711,-0.9999999999999938,6.180000000000007,-0.03731966854310357,-1.0,0.9899999999999999,0.99,-0.0014068259193607297,NEAR_CONFIRMED_NO,1PM,0.005,,0.01
939,432,0.9978700745473909,430,0.9953703703703703,-1.999999999999992,7.390000000000009,-0.04617573589483364,-2.0,0.99,0.99,-0.0021514398511203545,NEAR_CONFIRMED_NO,1PM,0.005,,0.03
1017,443,0.9960668633235005,439,0.9909706546275395,-2.8399999999999905,7.33000000000001,-0.044779158734550836,-3.119999999999993,0.9888593903638152,0.99,-0.0028317301854214015,NEAR_CONFIRMED_NO,1PM,0.005,,0.05
1041,445,0.9951969260326609,440,0.9887640449438202,-2.9499999999999895,7.46000000000001,-0.041182615922396776,-3.8600000000000003,0.9880307396733912,0.99,-0.0028693533060096255,NEAR_CONFIRMED_NO,1PM,0.005,,0.1
760,393,0.9986842105263158,392,0.9974554707379135,-0.9999999999999936,6.600000000000007,-0.03627381250550035,-1.0,0.9900000000000001,0.99,-0.0013290802764486889,NEAR_CONFIRMED_NO,1PM,0.01,,0.01
1010,436,0.998019801980198,434,0.9954128440366973,-1.9999999999999916,8.100000000000009,-0.04452148360021783,-1.9999999999999998,0.9900000000000001,0.99,-0.0020002000200019915,NEAR_CONFIRMED_NO,1PM,0.01,,0.03
1097,444,0.9963536918869644,440,0.990990990990991,-2.69999999999999,8.27000000000001,-0.04097242436773113,-3.049999999999994,0.9888149498632635,0.99,-0.0024940387315750207,NEAR_CONFIRMED_NO,1PM,0.01,,0.05
1126,446,0.9946714031971581,440,0.9865470852017937,-3.609999999999989,7.650000000000012,-0.044453964228836525,-4.24999999999999,0.9878774422735346,0.99,-0.0032728178904779287,NEAR_CONFIRMED_NO,1PM,0.01,,0.1
776,396,0.9987113402061856,395,0.9974747474747475,-0.9999999999999933,6.760000000000007,-0.03589790793088668,-1.0,0.99,0.99,-0.0013016765594085096,NEAR_CONFIRMED_NO,1PM,0.02,,0.01
1052,436,0.9980988593155894,434,0.9954128440366973,-1.9999999999999911,8.52000000000001,-0.04362282996993958,-2.0,0.99,0.99,-0.0019203441256673108,NEAR_CONFIRMED_NO,1PM,0.02,,0.03
1154,444,0.9965337954939342,440,0.990990990990991,-2.489999999999989,9.050000000000011,-0.03682023205703731,-2.8799999999999937,0.9886915077989602,0.99,-0.0021840662163238596,NEAR_CONFIRMED_NO,1PM,0.02,,0.05
1195,446,0.994142259414226,439,0.984304932735426,-3.989999999999988,7.960000000000012,-0.0442198462969279,-4.669999999999988,0.9874811715481171,0.99,-0.0034159290549416535,NEAR_CONFIRMED_NO,1PM,0.02,,0.1
817,403,0.9987760097919217,402,0.9975186104218362,-0.999999999999993,7.170000000000007,-0.03498557142706574,-1.0,0.9900000000000001,0.99,-0.0012363537455336634,NEAR_CONFIRMED_NO,1PM,0.05,,0.01
1115,440,0.9973094170403587,437,0.9931818181818182,-2.9999999999999902,8.15000000000001,-0.05191745503803325,-3.0,0.9899999999999999,0.99,-0.002717760565294189,NEAR_CONFIRMED_NO,1PM,0.05,,0.03
1230,446,0.9951219512195122,440,0.9865470852017937,-4.309999999999989,7.990000000000012,-0.05051948831919234,-4.74999999999999,0.9886260162601626,0.99,-0.003558305546523505,NEAR_CONFIRMED_NO,1PM,0.05,,0.05
1277,447,0.9921691464369616,437,0.9776286353467561,-6.599999999999987,6.170000000000014,-0.05934860294400081,-7.389999999999986,0.9873375097885669,0.99,-0.005302196099228768,NEAR_CONFIRMED_NO,1PM,0.05,,0.1
335,247,0.9074626865671642,216,0.8744939271255061,-5.319999999999998,-1.6699999999999968,-0.07900390207614959,-9.18,0.9124477611940297,0.99,-0.04179514490146991,DEEP_TAIL_NO,3PM,0.005,0.01,
148,122,0.8040540540540541,93,0.7622950819672131,-3.3200000000000007,-1.5399999999999996,-0.08018360961222644,-8.18,0.8144594594594594,0.94,-0.08095386163371891,DEEP_TAIL_NO,3PM,0.005,0.03,
98,89,0.7040816326530612,60,0.6741573033707865,-4.06,-2.7799999999999994,-0.12084949180376033,-8.26,0.7324489795918366,0.87,-0.13001350005167472,DEEP_TAIL_NO,3PM,0.005,0.05,
62,59,0.5483870967741935,31,0.5254237288135594,-4.7,-3.7800000000000002,-0.18511949989601797,-7.460000000000001,0.6093548387096772,0.755,-0.21649741212059684,DEEP_TAIL_NO,3PM,0.005,0.1,
47,45,0.425531914893617,18,0.4,-5.190000000000001,-4.420000000000001,-0.24826937461421997,-7.5600000000000005,0.5195744680851064,0.62,-0.29685270933499197,DEEP_TAIL_NO,3PM,0.005,0.15,
32,32,0.34375,11,0.34375,-1.690000000000001,-1.1600000000000004,-0.12993606704463187,-3.8400000000000003,0.38,0.43000000000000005,-0.30407750442219794,DEEP_TAIL_NO,3PM,0.005,0.25,
391,273,0.907928388746803,237,0.8681318681318682,-3.7799999999999994,0.5200000000000038,-0.04718352896620656,-8.55,0.9065984654731458,0.99,-0.03158428569663266,DEEP_TAIL_NO,3PM,0.01,0.01,
185,149,0.8162162162162162,115,0.7718120805369127,-1.7799999999999998,0.46000000000000085,-0.03440317453241824,-7.550000000000001,0.8137297297297298,0.93,-0.055833803714493785,DEEP_TAIL_NO,3PM,0.01,0.03,
126,110,0.7301587301587301,76,0.6909090909090909,-2.6599999999999993,-1.0100000000000002,-0.06233301127589947,-7.63,0.738174603174603,0.87,-0.08915328794040346,DEEP_TAIL_NO,3PM,0.01,0.05,
79,75,0.5949367088607594,43,0.5733333333333334,-2.8600000000000008,-1.680000000000001,-0.09095101830819335,-6.830000000000001,0.6162025316455695,0.76,-0.1450732163302517,DEEP_TAIL_NO,3PM,0.01,0.1,
59,56,0.4745762711864407,25,0.44642857142857145,-3.840000000000001,-2.8600000000000008,-0.1477799478002105,-6.93,0.5230508474576271,0.64,-0.21257132410418983,DEEP_TAIL_NO,3PM,0.01,0.15,
40,39,0.375,14,0.358974358974359,-1.0300000000000011,-0.3600000000000003,-0.061260667703961186,-3.580000000000001,0.384,0.42000000000000004,-0.22935726900224762,DEEP_TAIL_NO,3PM,0.01,0.25,
485,318,0.9092783505154639,274,0.8616352201257862,-0.18999999999999861,5.170000000000004,-0.0019113111964642565,-8.629999999999999,0.898618556701031,0.98,-0.02355069625358955,DEEP_TAIL_NO,3PM,0.02,0.01,
251,202,0.8366533864541833,161,0.7970297029702971,2.8100000000000005,5.830000000000001,0.04255557265096127,-7.629999999999999,0.813426294820717,0.93,-0.03343340499078846,DEEP_TAIL_NO,3PM,0.02,0.03,
181,156,0.7734806629834254,115,0.7371794871794872,1.7800000000000002,4.1000000000000005,0.031722579784165185,-7.74,0.7508287292817678,0.89,-0.052208552730552964,DEEP_TAIL_NO,3PM,0.02,0.05,
107,97,0.6448598130841121,59,0.6082474226804123,1.2499999999999993,2.829999999999999,0.03169739713561075,-6.36,0.618411214953271,0.75,-0.09377169435424233,DEEP_TAIL_NO,3PM,0.02,0.1,
78,73,0.5256410256410257,36,0.4931506849315068,-0.6100000000000005,0.6799999999999994,-0.018775781264539253,-6.460000000000001,0.5169230769230769,0.62,-0.1551665203328518,DEEP_TAIL_NO,3PM,0.02,0.15,
55,53,0.43636363636363634,22,0.41509433962264153,1.6099999999999988,2.54,0.0731573902781848,-2.74,0.3901818181818182,0.43000000000000005,-0.17162423513659317,DEEP_TAIL_NO,3PM,0.02,0.25,
531,340,0.9001883239171374,288,0.8470588235294118,-1.1499999999999995,4.780000000000005,-0.01030490921960419,-8.67,0.8911864406779662,0.98,-0.033448779761155144,DEEP_TAIL_NO,3PM,0.03,0.01,
293,233,0.8293515358361775,184,0.7896995708154506,1.8500000000000019,5.400000000000001,0.02388779090219732,-7.67,0.8109215017064846,0.93,-0.050276447177031926,DEEP_TAIL_NO,3PM,0.03,0.03,
215,180,0.7674418604651163,131,0.7277777777777777,0.7100000000000023,3.479999999999999,0.010698080433832463,-7.78,0.7512558139534883,0.89,-0.07396203950083206,DEEP_TAIL_NO,3PM,0.03,0.05,
128,114,0.6328125,68,0.5964912280701754,-0.3900000000000019,1.509999999999999,-0.008216808066699841,-6.510000000000001,0.6210156250000001,0.75,-0.13351274228512222,DEEP_TAIL_NO,3PM,0.03,0.1,
94,86,0.5106382978723404,41,0.47674418604651164,-2.7700000000000022,-1.2100000000000004,-0.07043511378259117,-6.610000000000001,0.5235106382978723,0.635,-0.21006816865016978,DEEP_TAIL_NO,3PM,0.03,0.15,
66,62,0.42424242424242425,25,0.4032258064516129,0.479999999999998,1.5899999999999992,0.01832733237143005,-3.0600000000000005,0.40015151515151515,0.46,-0.2396240079753874,DEEP_TAIL_NO,3PM,0.03,0.25,
616,368,0.8782467532467533,295,0.8016304347826086,-1.8499999999999974,5.270000000000005,-0.012826809387983522,-7.739999999999993,0.8696915584415584,0.97,-0.0382343970300594,DEEP_TAIL_NO,3PM,0.05,0.01,
366,276,0.8032786885245902,206,0.7463768115942029,1.1499999999999997,5.770000000000003,0.010831185747861445,-6.1899999999999995,0.7875136612021858,0.92,-0.05607127196779662,DEEP_TAIL_NO,3PM,0.05,0.03,
280,223,0.7428571428571429,153,0.6860986547085202,-0.120000000000002,3.64,-0.0012919947125847073,-6.32,0.7298571428571428,0.87,-0.07795225013723293,DEEP_TAIL_NO,3PM,0.05,0.05,
179,152,0.6256983240223464,87,0.5723684210526315,0.15999999999999714,2.9099999999999984,0.002341494619578627,-5.190000000000001,0.609441340782123,0.72,-0.12036244535797108,DEEP_TAIL_NO,3PM,0.05,0.1,
138,121,0.5434782608695652,60,0.49586776859504134,0.04999999999999827,2.389999999999999,0.0008964662627143778,-5.190000000000001,0.5261594202898551,0.62,-0.15683404525011216,DEEP_TAIL_NO,3PM,0.05,0.15,
99,89,0.45454545454545453,37,0.4157303370786517,2.5299999999999985,4.25,0.06467055777524476,-3.7200000000000006,0.41161616161616155,0.47,-0.18777579407803105,DEEP_TAIL_NO,3PM,0.05,0.25,
714,398,0.8599439775910365,301,0.7562814070351759,-2.0299999999999985,6.400000000000004,-0.011767200265263183,-8.279999999999992,0.8509803921568626,0.96,-0.049143036740248516,DEEP_TAIL_NO,3PM,0.1,0.01,
455,325,0.7868131868131868,231,0.7107692307692308,0.9700000000000017,6.810000000000001,0.007308722445650785,-6.569999999999999,0.7718461538461537,0.9,-0.07045675868622947,DEEP_TAIL_NO,3PM,0.1,0.03,
364,282,0.7335164835164835,188,0.6666666666666666,-0.40000000000000036,4.529999999999999,-0.0033696495793276624,-6.739999999999998,0.7210714285714287,0.86,-0.09193808374711876,DEEP_TAIL_NO,3PM,0.1,0.05,
240,201,0.6166666666666667,112,0.5572139303482587,-1.2700000000000027,2.4199999999999955,-0.014075765528948878,-6.350000000000001,0.6065833333333333,0.725,-0.14338486910944992,DEEP_TAIL_NO,3PM,0.1,0.1,
189,164,0.5396825396825397,80,0.4878048780487805,-1.3800000000000037,1.7999999999999978,-0.01847922867117575,-5.890000000000001,0.53015873015873,0.62,-0.18247837191882782,DEEP_TAIL_NO,3PM,0.1,0.15,
134,120,0.417910447761194,45,0.375,-1.4500000000000035,0.8799999999999982,-0.026656694866068375,-4.49,0.4113432835820896,0.46,-0.2578131196384774,DEEP_TAIL_NO,3PM,0.1,0.25,
159,157,0.2893081761006289,45,0.28662420382165604,1.5099999999999953,4.099999999999996,0.02377651135895062,-7.740000000000001,0.2635220125786164,0.26,-0.21248453281373902,TAIL_NO,3PM,0.2,0.45,
130,129,0.2076923076923077,26,0.20155038759689922,-1.8800000000000043,0.12999999999999634,-0.03851065615020729,-9.000000000000002,0.2066923076923077,0.19500000000000006,-0.3113930116323409,TAIL_NO,3PM,0.2,0.55,
110,110,0.17272727272727273,19,0.17272727272727273,-1.0800000000000023,0.5299999999999971,-0.02801913083875419,-6.5100000000000025,0.16790909090909095,0.16000000000000003,-0.3510133921228093,TAIL_NO,3PM,0.2,0.65,
81,81,0.08641975308641975,7,0.08641975308641975,-3.4900000000000024,-2.4600000000000017,-0.1575194380789046,-6.880000000000001,0.11679012345679016,0.09999999999999998,-0.5769926952329749,TAIL_NO,3PM,0.2,0.75,
204,201,0.27450980392156865,54,0.26865671641791045,0.6099999999999937,3.8899999999999952,0.0076000738176069445,-8.969999999999999,0.2554411764705882,0.25,-0.2642865754795803,TAIL_NO,3PM,0.3,0.45,
170,169,0.20588235294117646,34,0.20118343195266272,-2.220000000000004,0.37999999999999545,-0.03533636627911379,-10.16,0.20364705882352943,0.19000000000000006,-0.3504435278434062,TAIL_NO,3PM,0.3,0.55,
144,144,0.1736111111111111,25,0.1736111111111111,-0.8800000000000043,1.1999999999999966,-0.01773471391336816,-6.600000000000001,0.1652777777777778,0.14,-0.3897832456601263,TAIL_NO,3PM,0.3,0.65,
107,107,0.07476635514018691,8,0.07476635514018691,-5.650000000000002,-4.310000000000001,-0.20705382530820768,-8.65,0.11504672897196265,0.09999999999999998,-0.6704374481219831,TAIL_NO,3PM,0.3,0.75,
238,231,0.2689075630252101,58,0.2510822510822511,-0.9700000000000069,2.8599999999999923,-0.010234717216353375,-9.639999999999999,0.25689075630252106,0.25,-0.24019151318586224,TAIL_NO,3PM,0.4,0.45,
198,197,0.20202020202020202,39,0.19796954314720813,-3.500000000000007,-0.4700000000000055,-0.047251431987282544,-10.780000000000005,0.20439393939393943,0.19500000000000006,-0.31559610477721967,TAIL_NO,3PM,0.4,0.55,
168,168,0.17857142857142858,30,0.17857142857142858,-0.4300000000000037,1.9999999999999964,-0.0072600099395066465,-5.940000000000003,0.16666666666666669,0.15000000000000002,-0.32647089928852746,TAIL_NO,3PM,0.4,0.65,
125,125,0.088,11,0.088,-5.140000000000002,-3.5700000000000025,-0.14884989657244235,-7.93,0.11656000000000001,0.09999999999999998,-0.5605126185888414,TAIL_NO,3PM,0.4,0.75,
817,411,1.0,411,1.0,7.086345399365257e-15,8.170000000000007,0.0,0.0,0.9900000000000001,0.99,8.761229676650543e-18,NEAR_CONFIRMED_NO,3PM,0.005,,0.01
1004,440,0.99800796812749,438,0.9954545454545455,-1.9999999999999916,8.04000000000001,-0.044654450262778186,-2.0,0.9900000000000001,0.99,-0.0020121534065757085,NEAR_CONFIRMED_NO,3PM,0.005,,0.03
1054,445,0.9981024667931688,443,0.9955056179775281,-1.2599999999999907,9.280000000000008,-0.027357169240595593,-1.4999999999999996,0.9892979127134726,0.99,-0.0011954938680534047,NEAR_CONFIRMED_NO,3PM,0.005,,0.05
1075,446,0.998139534883721,444,0.9955156950672646,-0.5299999999999898,10.220000000000011,-0.01131838971539457,-1.1399999999999963,0.9886325581395349,0.99,-0.00046069572590636345,NEAR_CONFIRMED_NO,3PM,0.005,,0.1
880,423,1.0,423,1.0,7.632783294297951e-15,8.800000000000008,0.0,0.0,0.9900000000000001,0.99,8.761229676650542e-18,NEAR_CONFIRMED_NO,3PM,0.01,,0.01
1086,445,0.998158379373849,443,0.9955056179775281,-1.9999999999999907,8.86000000000001,-0.04293389730932589,-2.0,0.9900000000000001,0.99,-0.0018602228546979844,NEAR_CONFIRMED_NO,3PM,0.01,,0.03
1145,447,0.9982532751091703,445,0.9955257270693513,-1.1199999999999897,10.330000000000013,-0.02331574253129166,-1.3999999999999995,0.989231441048035,0.99,-0.0009747960060196687,NEAR_CONFIRMED_NO,3PM,0.01,,0.05
1171,448,0.9974380871050385,445,0.9933035714285714,-1.1999999999999886,10.510000000000012,-0.02035119712504391,-1.9,0.9884628522630229,0.99,-0.0010284366538252452,NEAR_CONFIRMED_NO,3PM,0.01,,0.1
923,427,1.0,427,1.0,8.005748841632965e-15,9.230000000000008,0.0,0.0,0.9900000000000001,0.99,8.76122967665054e-18,NEAR_CONFIRMED_NO,3PM,0.02,,0.01
1157,445,0.9974070872947277,442,0.9932584269662922,-2.9999999999999902,8.570000000000011,-0.05096475731447825,-3.0,0.9900000000000001,0.99,-0.00261910374269924,NEAR_CONFIRMED_NO,3PM,0.02,,0.03
1227,447,0.9975550122249389,444,0.9932885906040269,-1.9699999999999886,10.300000000000011,-0.032382786577319654,-2.3199999999999994,0.989160554197229,0.99,-0.0016074487683462387,NEAR_CONFIRMED_NO,3PM,0.02,,0.05
1262,448,0.9968304278922345,444,0.9910714285714286,-1.7599999999999878,10.860000000000014,-0.02483276720998977,-2.73,0.9882250396196515,0.99,-0.0013926600690823189,NEAR_CONFIRMED_NO,3PM,0.02,,0.1
980,430,1.0,430,1.0,8.500145032286355e-15,9.800000000000008,0.0,0.0,0.99,0.99,8.761229676650542e-18,NEAR_CONFIRMED_NO,3PM,0.05,,0.01
1230,445,0.9975609756097561,442,0.9932584269662922,-2.9999999999999893,9.300000000000011,-0.04942671322394433,-3.0000000000000004,0.99,0.99,-0.0024636610002463574,NEAR_CONFIRMED_NO,3PM,0.05,,0.03
1316,447,0.9977203647416414,444,0.9932885906040269,-1.729999999999988,11.430000000000012,-0.027437747387634367,-2.1199999999999974,0.9890349544072949,0.99,-0.0013113666657229197,NEAR_CONFIRMED_NO,3PM,0.05,,0.05
1366,448,0.9970717423133236,444,0.9910714285714286,-0.9899999999999862,12.670000000000014,-0.013384841358019657,-2.7299999999999995,0.987796486090776,0.99,-0.000699387844252749,NEAR_CONFIRMED_NO,3PM,0.05,,0.1
