date,max_temp_f
2024-10-01,69.0
2024-10-02,68.0
2024-10-03,72.0
2024-10-04,73.0
2024-10-05,75.0
2024-10-06,71.0
2024-10-07,75.0
2024-10-08,68.0
2024-10-09,68.0
2024-10-10,62.0
2024-10-11,68.0
2024-10-12,74.0
2024-10-13,69.0
2024-10-14,66.0
2024-10-15,57.0
2024-10-16,59.0
2024-10-17,58.0
2024-10-18,66.0
2024-10-19,71.0
2024-10-20,73.0
2024-10-21,79.0
2024-10-22,81.0
2024-10-23,75.0
2024-10-24,69.0
2024-10-25,62.0
2024-10-26,64.0
2024-10-27,57.0
2024-10-28,61.0
2024-10-29,63.0
2024-10-30,76.0
2024-10-31,81.0
2024-11-01,79.0
2024-11-02,60.0
2024-11-03,54.0
2024-11-04,58.0
2024-11-05,73.0
2024-11-06,80.0
2024-11-07,73.0
2024-11-08,69.0
2024-11-09,54.0
2024-11-10,58.0
2024-11-11,68.0
2024-11-12,59.0
2024-11-13,50.0
2024-11-14,47.0
2024-11-15,58.0
2024-11-16,62.0
2024-11-17,63.0
2024-11-18,66.0
2024-11-19,60.0
2024-11-20,60.0
2024-11-21,54.0
2024-11-22,40.0
2024-11-23,49.0
2024-11-24,53.0
2024-11-25,54.0
2024-11-26,58.0
2024-11-27,52.0
2024-11-28,49.0
2024-11-29,47.0
2024-11-30,39.0
2024-12-01,38.0
2024-12-02,39.0
2024-12-03,42.0
2024-12-04,42.0
2024-12-05,40.0
2024-12-06,34.0
2024-12-07,41.0
2024-12-08,55.0
2024-12-09,51.0
2024-12-10,50.0
2024-12-11,60.0
2024-12-12,41.0
2024-12-13,33.0
2024-12-14,34.0
2024-12-15,41.0
2024-12-16,52.0
2024-12-17,59.0
2024-12-18,53.0
2024-12-19,45.0
2024-12-20,37.0
2024-12-21,33.0
2024-12-22,21.0
2024-12-23,31.0
2024-12-24,39.0
2024-12-25,35.0
2024-12-26,36.0
2024-12-27,44.0
2024-12-28,54.0
2024-12-29,60.0
2024-12-30,58.0
2024-12-31,53.0
2025-01-01,51.0
2025-01-02,43.0
2025-01-03,39.0
2025-01-04,33.0
2025-01-05,33.0
2025-01-06,30.0
2025-01-07,33.0
2025-01-08,30.0
2025-01-09,33.0
2025-01-10,39.0
2025-01-11,36.0
2025-01-12,42.0
2025-01-13,42.0
2025-01-14,35.0
2025-01-15,32.0
2025-01-16,30.0
2025-01-17,42.0
2025-01-18,46.0
2025-01-19,41.0
2025-01-20,26.0
2025-01-21,19.0
2025-01-22,20.0
2025-01-23,28.0
2025-01-24,33.0
2025-01-25,33.0
2025-01-26,43.0
2025-01-27,40.0
2025-01-28,42.0
2025-01-29,52.0
2025-01-30,38.0
2025-01-31,48.0
2025-02-01,48.0
2025-02-02,31.0
2025-02-03,49.0
2025-02-04,47.0
2025-02-05,36.0
2025-02-06,38.0
2025-02-07,43.0
2025-02-08,35.0
2025-02-09,36.0
2025-02-10,37.0
2025-02-11,35.0
2025-02-12,36.0
2025-02-13,46.0
2025-02-14,36.0
2025-02-15,35.0
2025-02-16,47.0
2025-02-17,36.0
2025-02-18,27.0
2025-02-19,30.0
2025-02-20,29.0
2025-02-21,35.0
2025-02-22,40.0
2025-02-23,46.0
2025-02-24,49.0
2025-02-25,57.0
2025-02-26,56.0
2025-02-27,54.0
2025-02-28,51.0
2025-03-01,64.0
2025-03-02,33.0
2025-03-03,39.0
2025-03-04,52.0
2025-03-05,54.0
2025-03-06,55.0
2025-03-07,50.0
2025-03-08,45.0
2025-03-09,53.0
2025-03-10,66.0
2025-03-11,65.0
2025-03-12,55.0
2025-03-13,50.0
2025-03-14,57.0
2025-03-15,49.0
2025-03-16,61.0
2025-03-17,59.0
2025-03-18,61.0
2025-03-19,63.0
2025-03-20,52.0
2025-03-21,51.0
2025-03-22,64.0
2025-03-23,48.0
2025-03-24,50.0
2025-03-25,58.0
2025-03-26,53.0
2025-03-27,53.0
2025-03-28,63.0
2025-03-29,81.0
2025-03-30,48.0
2025-03-31,73.0
2025-04-01,58.0
2025-04-02,49.0
2025-04-03,73.0
2025-04-04,73.0
2025-04-05,59.0
2025-04-06,56.0
2025-04-07,50.0
2025-04-08,45.0
2025-04-09,49.0
2025-04-10,51.0
2025-04-11,46.0
2025-04-12,40.0
2025-04-13,58.0
2025-04-14,66.0
2025-04-15,69.0
2025-04-16,50.0
2025-04-17,64.0
2025-04-18,68.0
2025-04-19,85.0
2025-04-20,73.0
2025-04-21,57.0
2025-04-22,82.0
2025-04-23,76.0
2025-04-24,77.0
2025-04-25,77.0
2025-04-26,74.0
2025-04-27,59.0
2025-04-28,76.0
2025-04-29,79.0
2025-04-30,73.0
2025-05-01,71.0
2025-05-02,84.0
2025-05-03,85.0
2025-05-04,69.0
2025-05-05,61.0
2025-05-06,64.0
2025-05-07,74.0
2025-05-08,78.0
2025-05-09,60.0
2025-05-10,72.0
2025-05-11,77.0
2025-05-12,72.0
2025-05-13,69.0
2025-05-14,62.0
2025-05-15,69.0
2025-05-16,72.0
2025-05-17,82.0
2025-05-18,73.0
2025-05-19,69.0
2025-05-20,67.0
2025-05-21,59.0
2025-05-22,51.0
2025-05-23,63.0
2025-05-24,64.0
2025-05-25,66.0
2025-05-26,73.0
2025-05-27,74.0
2025-05-28,65.0
2025-05-29,67.0
2025-05-30,75.0
2025-05-31,67.0
2025-06-01,66.0
2025-06-02,71.0
2025-06-03,79.0
2025-06-04,83.0
2025-06-05,87.0
2025-06-06,84.0
2025-06-07,76.0
2025-06-08,76.0
2025-06-09,64.0
2025-06-10,73.0
2025-06-11,81.0
2025-06-12,87.0
2025-06-13,78.0
2025-06-14,68.0
2025-06-15,64.0
2025-06-16,69.0
2025-06-17,67.0
2025-06-18,84.0
2025-06-19,88.0
2025-06-20,82.0
2025-06-21,86.0
2025-06-22,88.0
2025-06-23,96.0
2025-06-24,99.0
2025-06-25,96.0
2025-06-26,85.0
2025-06-27,72.0
2025-06-28,83.0
2025-06-29,89.0
2025-06-30,90.0
2025-07-01,89.0
2025-07-02,84.0
2025-07-03,88.0
2025-07-04,83.0
2025-07-05,84.0
2025-07-06,87.0
2025-07-07,87.0
2025-07-08,93.0
2025-07-09,90.0
2025-07-10,84.0
2025-07-11,84.0
2025-07-12,83.0
2025-07-13,83.0
2025-07-14,85.0
2025-07-15,86.0
2025-07-16,87.0
2025-07-17,90.0
2025-07-18,82.0
2025-07-19,81.0
2025-07-20,88.0
2025-07-21,85.0
2025-07-22,81.0
2025-07-23,80.0
2025-07-24,87.0
2025-07-25,95.0
2025-07-26,85.0
2025-07-27,84.0
2025-07-28,94.0
2025-07-29,97.0
2025-07-30,95.0
2025-07-31,89.0
2025-08-01,73.0
2025-08-02,80.0
2025-08-03,84.0
2025-08-04,89.0
2025-08-05,86.0
2025-08-06,79.0
2025-08-07,81.0
2025-08-08,82.0
2025-08-09,85.0
2025-08-10,90.0
2025-08-11,89.0
2025-08-12,91.0
2025-08-13,89.0
2025-08-14,89.0
2025-08-15,89.0
2025-08-16,84.0
2025-08-17,91.0
2025-08-18,75.0
2025-08-19,77.0
2025-08-20,70.0
2025-08-21,72.0
2025-08-22,83.0
2025-08-23,82.0
2025-08-24,80.0
2025-08-25,86.0
2025-08-26,79.0
2025-08-27,75.0
2025-08-28,78.0
2025-08-29,78.0
2025-08-30,76.0
2025-08-31,79.0
2025-09-01,78.0
2025-09-02,79.0
2025-09-03,79.0
2025-09-04,77.0
2025-09-05,82.0
2025-09-06,86.0
2025-09-07,69.0
2025-09-08,73.0
2025-09-09,73.0
2025-09-10,73.0
2025-09-11,79.0
2025-09-12,78.0
2025-09-13,77.0
2025-09-14,81.0
2025-09-15,79.0
2025-09-16,74.0
2025-09-17,70.0
2025-09-18,83.0
2025-09-19,84.0
2025-09-20,73.0
2025-09-21,71.0
2025-09-22,73.0
2025-09-23,83.0
2025-09-24,80.0
2025-09-25,77.0
2025-09-26,82.0
2025-09-27,79.0
2025-09-28,83.0
2025-09-29,78.0
2025-09-30,81.0
2025-10-01,69.0
2025-10-02,66.0
2025-10-03,71.0
2025-10-04,82.0
2025-10-05,84.0
2025-10-06,80.0
2025-10-07,80.0
2025-10-08,72.0
2025-10-09,59.0
2025-10-10,62.0
2025-10-11,64.0
2025-10-12,63.0
2025-10-13,58.0
2025-10-14,61.0
2025-10-15,68.0
2025-10-16,61.0
2025-10-17,63.0
2025-10-18,65.0
2025-10-19,70.0
2025-10-20,68.0
2025-10-21,66.0
2025-10-22,62.0
2025-10-23,60.0
2025-10-24,59.0
2025-10-25,58.0
2025-10-26,59.0
2025-10-27,55.0
2025-10-28,54.0
2025-10-29,56.0
2025-10-30,63.0
2025-10-31,58.0
2025-11-01,58.0
2025-11-02,59.0
2025-11-03,59.0
2025-11-04,59.0
2025-11-05,66.0
2025-11-06,57.0
2025-11-07,61.0
2025-11-08,65.0
2025-11-09,63.0
2025-11-10,59.0
2025-11-11,41.0
2025-11-12,50.0
2025-11-13,51.0
2025-11-14,51.0
2025-11-15,50.0
2025-11-16,56.0
2025-11-17,44.0
2025-11-18,45.0
2025-11-19,47.0
2025-11-20,47.0
2025-11-21,52.0
2025-11-22,52.0
2025-11-23,49.0
2025-11-24,52.0
2025-11-25,58.0
2025-11-26,59.0
2025-11-27,49.0
2025-11-28,43.0
2025-11-29,42.0
2025-11-30,47.0
2025-12-01,43.0
2025-12-02,40.0
2025-12-03,41.0
2025-12-04,41.0
2025-12-05,32.0
2025-12-06,42.0
2025-12-07,43.0
2025-12-08,38.0
2025-12-09,35.0
2025-12-10,47.0
2025-12-11,41.0
2025-12-12,35.0
2025-12-13,41.0
2025-12-14,33.0
2025-12-15,29.0
2025-12-16,32.0
2025-12-17,47.0
2025-12-18,50.0
2025-12-19,58.0
2025-12-20,38.0
2025-12-21,46.0
2025-12-22,39.0
2025-12-23,40.0
2025-12-24,46.0
2025-12-25,49.0
2025-12-26,29.0
2025-12-27,31.0
2025-12-28,39.0
2025-12-29,49.0
2025-12-30,33.0
2025-12-31,33.0
2026-01-01,36.0
2026-01-02,30.0
2026-01-03,30.0
2026-01-04,35.0
2026-01-05,39.0
2026-01-06,42.0
2026-01-07,49.0
2026-01-08,50.0
2026-01-09,54.0
2026-01-10,52.0
2026-01-11,47.0
2026-01-12,41.0
2026-01-13,48.0
2026-01-14,52.0
2026-01-15,47.0
2026-01-16,34.0
2026-01-17,39.0
2026-01-18,36.0
2026-01-19,32.0
2026-01-20,26.0
2026-01-21,40.0
2026-01-22,47.0
2026-01-23,38.0
2026-01-24,17.0
2026-01-25,22.0
2026-01-26,27.0
2026-01-27,22.0
2026-01-28,23.0
2026-01-29,23.0
2026-01-30,18.0
2026-01-31,24.0
2026-02-01,24.0
2026-02-02,35.0
2026-02-03,33.0
2026-02-04,33.0
2026-02-05,32.0
2026-02-06,33.0
2026-02-07,27.0
2026-02-08,18.0
2026-02-09,31.0
2026-02-10,37.0
2026-02-11,41.0
2026-02-12,36.0
2026-02-13,38.0
2026-02-14,46.0
2026-02-15,40.0
2026-02-16,39.0
2026-02-17,47.0
2026-02-18,41.0
2026-02-19,42.0
2026-02-20,37.0
2026-02-21,46.0
2026-02-22,39.0
2026-02-23,35.0
2026-02-24,31.0
2026-02-25,44.0
2026-02-26,49.0
2026-02-27,44.0
2026-02-28,54.0
2026-03-01,43.0
2026-03-02,33.0
2026-03-03,36.0
2026-03-04,49.0
2026-03-05,46.0
2026-03-06,41.0
2026-03-07,52.0
2026-03-08,69.0
2026-03-09,73.0
2026-03-10,80.0
2026-03-11,72.0
2026-03-12,63.0
2026-03-13,42.0
2026-03-14,51.0
2026-03-15,48.0
2026-03-16,57.0
2026-03-17,48.0
2026-03-18,37.0
2026-03-19,44.0
2026-03-20,57.0
2026-03-21,59.0
2026-03-22,63.0
2026-03-23,50.0
2026-03-24,48.0
2026-03-25,54.0
2026-03-26,76.0
2026-03-27,65.0
2026-03-28,44.0
2026-03-29,54.0
2026-03-30,73.0
2026-03-31,81.0
2026-04-01,80.0
2026-04-02,51.0
2026-04-03,66.0
2026-04-04,73.0
2026-04-05,57.0
2026-04-06,56.0
2026-04-07,56.0
2026-04-08,51.0
2026-04-09,51.0
2026-04-10,63.0
2026-04-11,63.0
2026-04-12,55.0
2026-04-13,79.0
2026-04-14,87.0
2026-04-15,90.0
2026-04-16,89.0
2026-04-17,81.0
2026-04-18,66.0
2026-04-19,53.0
2026-04-20,51.0
2026-04-21,54.0
2026-04-22,56.0
2026-04-23,73.0
2026-04-24,68.0
2026-04-25,50.0
